{"timestamp":"2026-07-03T13:29:04.636498Z","level":"info","event":"Filling up the DagBag from /opt/airflow/dags/fraud_retraining_dag.py","logger":"airflow.dag_processing.dagbag.BundleDagBag","filename":"dagbag.py","lineno":469}
{"timestamp":"2026-07-03T13:29:35.456481Z","level":"error","event":"Process timed out, PID: 15","logger":"airflow.dag_processing.importers.python_importer","filename":"python_importer.py","lineno":62}
{"timestamp":"2026-07-03T13:29:35.459826Z","level":"error","event":"Failed to import: /opt/airflow/dags/fraud_retraining_dag.py","logger":"airflow.dag_processing.importers.python_importer","filename":"python_importer.py","lineno":244,"error_detail":[{"exc_type":"AirflowTaskTimeout","exc_value":"DagBag import timeout for /opt/airflow/dags/fraud_retraining_dag.py after 30.0s.\nPlease take a look at these docs to improve your DAG import time:\n* https://airflow.apache.org/docs/apache-airflow/3.2.2/best-practices.html#top-level-python-code\n* https://airflow.apache.org/docs/apache-airflow/3.2.2/best-practices.html#reducing-dag-complexity, PID: 15","exc_notes":[],"syntax_error":null,"is_cause":false,"frames":[{"filename":"/home/airflow/.local/lib/python3.12/site-packages/airflow/dag_processing/importers/python_importer.py","lineno":238,"name":"parse"},{"filename":"<frozen importlib._bootstrap_external>","lineno":999,"name":"exec_module"},{"filename":"<frozen importlib._bootstrap>","lineno":488,"name":"_call_with_frames_removed"},{"filename":"/opt/airflow/dags/fraud_retraining_dag.py","lineno":7,"name":"<module>"},{"filename":"/opt/airflow/ml/training/validate_model.py","lineno":3,"name":"<module>"},{"filename":"/home/airflow/.local/lib/python3.12/site-packages/pandas/__init__.py","lineno":37,"name":"<module>"},{"filename":"/home/airflow/.local/lib/python3.12/site-packages/pandas/_config/__init__.py","lineno":20,"name":"<module>"},{"filename":"/home/airflow/.local/lib/python3.12/site-packages/pandas/_config/config.py","lineno":68,"name":"<module>"},{"filename":"/home/airflow/.local/lib/python3.12/site-packages/pandas/_typing.py","lineno":198,"name":"<module>"},{"filename":"/home/airflow/.local/lib/python3.12/site-packages/numpy/__init__.py","lineno":718,"name":"__getattr__"},{"filename":"/home/airflow/.local/lib/python3.12/site-packages/numpy/random/__init__.py","lineno":180,"name":"<module>"},{"filename":"/home/airflow/.local/lib/python3.12/site-packages/numpy/random/_pickle.py","lineno":7,"name":"<module>"},{"filename":"<frozen importlib._bootstrap>","lineno":645,"name":"parent"},{"filename":"/home/airflow/.local/lib/python3.12/site-packages/airflow/dag_processing/importers/python_importer.py","lineno":65,"name":"handle_timeout"}],"is_group":false,"exceptions":[]}]}
{"timestamp":"2026-07-03T13:29:35.578209Z","level":"error","event":"Error loading DAG from fraud_retraining_dag.py: DagBag import timeout for /opt/airflow/dags/fraud_retraining_dag.py after 30.0s.\nPlease take a look at these docs to improve your DAG import time:\n* https://airflow.apache.org/docs/apache-airflow/3.2.2/best-practices.html#top-level-python-code\n* https://airflow.apache.org/docs/apache-airflow/3.2.2/best-practices.html#reducing-dag-complexity, PID: 15","logger":"airflow.dag_processing.dagbag.BundleDagBag","filename":"dagbag.py","lineno":327}
{"timestamp":"2026-07-03T13:30:07.231441Z","level":"info","event":"Filling up the DagBag from /opt/airflow/dags/fraud_retraining_dag.py","logger":"airflow.dag_processing.dagbag.BundleDagBag","filename":"dagbag.py","lineno":469}
{"timestamp":"2026-07-03T13:30:37.394494Z","level":"error","event":"Process timed out, PID: 22","logger":"airflow.dag_processing.importers.python_importer","filename":"python_importer.py","lineno":62}
{"timestamp":"2026-07-03T13:30:37.396467Z","level":"error","event":"Failed to import: /opt/airflow/dags/fraud_retraining_dag.py","logger":"airflow.dag_processing.importers.python_importer","filename":"python_importer.py","lineno":244,"error_detail":[{"exc_type":"AirflowTaskTimeout","exc_value":"DagBag import timeout for /opt/airflow/dags/fraud_retraining_dag.py after 30.0s.\nPlease take a look at these docs to improve your DAG import time:\n* https://airflow.apache.org/docs/apache-airflow/3.2.2/best-practices.html#top-level-python-code\n* https://airflow.apache.org/docs/apache-airflow/3.2.2/best-practices.html#reducing-dag-complexity, PID: 22","exc_notes":[],"syntax_error":null,"is_cause":false,"frames":[{"filename":"/home/airflow/.local/lib/python3.12/site-packages/airflow/dag_processing/importers/python_importer.py","lineno":238,"name":"parse"},{"filename":"<frozen importlib._bootstrap_external>","lineno":999,"name":"exec_module"},{"filename":"<frozen importlib._bootstrap>","lineno":488,"name":"_call_with_frames_removed"},{"filename":"/opt/airflow/dags/fraud_retraining_dag.py","lineno":7,"name":"<module>"},{"filename":"/opt/airflow/ml/training/validate_model.py","lineno":5,"name":"<module>"},{"filename":"/opt/airflow/ml/training/metrics.py","lineno":1,"name":"<module>"},{"filename":"/home/airflow/.local/lib/python3.12/site-packages/sklearn/__init__.py","lineno":70,"name":"<module>"},{"filename":"/home/airflow/.local/lib/python3.12/site-packages/sklearn/base.py","lineno":19,"name":"<module>"},{"filename":"/home/airflow/.local/lib/python3.12/site-packages/sklearn/utils/__init__.py","lineno":9,"name":"<module>"},{"filename":"/home/airflow/.local/lib/python3.12/site-packages/sklearn/utils/_chunking.py","lineno":11,"name":"<module>"},{"filename":"/home/airflow/.local/lib/python3.12/site-packages/sklearn/utils/_param_validation.py","lineno":17,"name":"<module>"},{"filename":"/home/airflow/.local/lib/python3.12/site-packages/sklearn/utils/validation.py","lineno":24,"name":"<module>"},{"filename":"/home/airflow/.local/lib/python3.12/site-packages/sklearn/utils/_array_api.py","lineno":20,"name":"<module>"},{"filename":"/home/airflow/.local/lib/python3.12/site-packages/sklearn/utils/fixes.py","lineno":16,"name":"<module>"},{"filename":"/home/airflow/.local/lib/python3.12/site-packages/scipy/stats/__init__.py","lineno":628,"name":"<module>"},{"filename":"/home/airflow/.local/lib/python3.12/site-packages/scipy/stats/_stats_py.py","lineno":40,"name":"<module>"},{"filename":"/home/airflow/.local/lib/python3.12/site-packages/scipy/spatial/__init__.py","lineno":124,"name":"<module>"},{"filename":"/home/airflow/.local/lib/python3.12/site-packages/scipy/spatial/transform/__init__.py","lineno":20,"name":"<module>"},{"filename":"/home/airflow/.local/lib/python3.12/site-packages/scipy/spatial/transform/_rotation.py","lineno":10,"name":"<module>"},{"filename":"/home/airflow/.local/lib/python3.12/site-packages/scipy/spatial/transform/_rotation_groups.py","lineno":2,"name":"<module>"},{"filename":"/home/airflow/.local/lib/python3.12/site-packages/scipy/constants/__init__.py","lineno":335,"name":"<module>"},{"filename":"<frozen importlib._bootstrap>","lineno":1360,"name":"_find_and_load"},{"filename":"<frozen importlib._bootstrap>","lineno":1331,"name":"_find_and_load_unlocked"},{"filename":"<frozen importlib._bootstrap>","lineno":935,"name":"_load_unlocked"},{"filename":"<frozen importlib._bootstrap_external>","lineno":995,"name":"exec_module"},{"filename":"<frozen importlib._bootstrap_external>","lineno":1146,"name":"get_code"},{"filename":"<frozen importlib._bootstrap_external>","lineno":1214,"name":"_cache_bytecode"},{"filename":"<frozen importlib._bootstrap_external>","lineno":1239,"name":"set_data"},{"filename":"<frozen importlib._bootstrap_external>","lineno":207,"name":"_write_atomic"},{"filename":"/home/airflow/.local/lib/python3.12/site-packages/airflow/dag_processing/importers/python_importer.py","lineno":65,"name":"handle_timeout"}],"is_group":false,"exceptions":[]}]}
{"timestamp":"2026-07-03T13:30:37.409014Z","level":"error","event":"Error loading DAG from fraud_retraining_dag.py: DagBag import timeout for /opt/airflow/dags/fraud_retraining_dag.py after 30.0s.\nPlease take a look at these docs to improve your DAG import time:\n* https://airflow.apache.org/docs/apache-airflow/3.2.2/best-practices.html#top-level-python-code\n* https://airflow.apache.org/docs/apache-airflow/3.2.2/best-practices.html#reducing-dag-complexity, PID: 22","logger":"airflow.dag_processing.dagbag.BundleDagBag","filename":"dagbag.py","lineno":327}
{"timestamp":"2026-07-03T13:31:08.188368Z","level":"info","event":"Filling up the DagBag from /opt/airflow/dags/fraud_retraining_dag.py","logger":"airflow.dag_processing.dagbag.BundleDagBag","filename":"dagbag.py","lineno":469}
{"timestamp":"2026-07-03T13:31:38.502875Z","level":"error","event":"Process timed out, PID: 32","logger":"airflow.dag_processing.importers.python_importer","filename":"python_importer.py","lineno":62}
{"timestamp":"2026-07-03T13:31:38.504009Z","level":"error","event":"Failed to import: /opt/airflow/dags/fraud_retraining_dag.py","logger":"airflow.dag_processing.importers.python_importer","filename":"python_importer.py","lineno":244,"error_detail":[{"exc_type":"AirflowTaskTimeout","exc_value":"DagBag import timeout for /opt/airflow/dags/fraud_retraining_dag.py after 30.0s.\nPlease take a look at these docs to improve your DAG import time:\n* https://airflow.apache.org/docs/apache-airflow/3.2.2/best-practices.html#top-level-python-code\n* https://airflow.apache.org/docs/apache-airflow/3.2.2/best-practices.html#reducing-dag-complexity, PID: 32","exc_notes":[],"syntax_error":null,"is_cause":false,"frames":[{"filename":"/home/airflow/.local/lib/python3.12/site-packages/airflow/dag_processing/importers/python_importer.py","lineno":238,"name":"parse"},{"filename":"<frozen importlib._bootstrap_external>","lineno":999,"name":"exec_module"},{"filename":"<frozen importlib._bootstrap>","lineno":488,"name":"_call_with_frames_removed"},{"filename":"/opt/airflow/dags/fraud_retraining_dag.py","lineno":7,"name":"<module>"},{"filename":"/opt/airflow/ml/training/validate_model.py","lineno":5,"name":"<module>"},{"filename":"/opt/airflow/ml/training/metrics.py","lineno":1,"name":"<module>"},{"filename":"/home/airflow/.local/lib/python3.12/site-packages/sklearn/__init__.py","lineno":70,"name":"<module>"},{"filename":"/home/airflow/.local/lib/python3.12/site-packages/sklearn/base.py","lineno":19,"name":"<module>"},{"filename":"/home/airflow/.local/lib/python3.12/site-packages/sklearn/utils/__init__.py","lineno":9,"name":"<module>"},{"filename":"/home/airflow/.local/lib/python3.12/site-packages/sklearn/utils/_chunking.py","lineno":11,"name":"<module>"},{"filename":"/home/airflow/.local/lib/python3.12/site-packages/sklearn/utils/_param_validation.py","lineno":17,"name":"<module>"},{"filename":"/home/airflow/.local/lib/python3.12/site-packages/sklearn/utils/validation.py","lineno":24,"name":"<module>"},{"filename":"/home/airflow/.local/lib/python3.12/site-packages/sklearn/utils/_array_api.py","lineno":20,"name":"<module>"},{"filename":"/home/airflow/.local/lib/python3.12/site-packages/sklearn/utils/fixes.py","lineno":16,"name":"<module>"},{"filename":"/home/airflow/.local/lib/python3.12/site-packages/scipy/stats/__init__.py","lineno":657,"name":"<module>"},{"filename":"/home/airflow/.local/lib/python3.12/site-packages/scipy/stats/_mgc.py","lineno":8,"name":"<module>"},{"filename":"<frozen importlib._bootstrap>","lineno":1360,"name":"_find_and_load"},{"filename":"<frozen importlib._bootstrap>","lineno":1331,"name":"_find_and_load_unlocked"},{"filename":"<frozen importlib._bootstrap>","lineno":935,"name":"_load_unlocked"},{"filename":"<frozen importlib._bootstrap_external>","lineno":995,"name":"exec_module"},{"filename":"<frozen importlib._bootstrap_external>","lineno":1146,"name":"get_code"},{"filename":"<frozen importlib._bootstrap_external>","lineno":1214,"name":"_cache_bytecode"},{"filename":"<frozen importlib._bootstrap_external>","lineno":1228,"name":"set_data"},{"filename":"/home/airflow/.local/lib/python3.12/site-packages/airflow/dag_processing/importers/python_importer.py","lineno":65,"name":"handle_timeout"}],"is_group":false,"exceptions":[]}]}
{"timestamp":"2026-07-03T13:31:38.518821Z","level":"error","event":"Error loading DAG from fraud_retraining_dag.py: DagBag import timeout for /opt/airflow/dags/fraud_retraining_dag.py after 30.0s.\nPlease take a look at these docs to improve your DAG import time:\n* https://airflow.apache.org/docs/apache-airflow/3.2.2/best-practices.html#top-level-python-code\n* https://airflow.apache.org/docs/apache-airflow/3.2.2/best-practices.html#reducing-dag-complexity, PID: 32","logger":"airflow.dag_processing.dagbag.BundleDagBag","filename":"dagbag.py","lineno":327}
{"timestamp":"2026-07-03T13:32:09.668751Z","level":"info","event":"Filling up the DagBag from /opt/airflow/dags/fraud_retraining_dag.py","logger":"airflow.dag_processing.dagbag.BundleDagBag","filename":"dagbag.py","lineno":469}
{"timestamp":"2026-07-03T13:32:36.335462Z","level":"info","event":"Connecting to: fraud-postgres 5432","logger":"dag_processor.stdout"}
{"timestamp":"2026-07-03T13:33:11.619719Z","level":"info","event":"Filling up the DagBag from /opt/airflow/dags/fraud_retraining_dag.py","logger":"airflow.dag_processing.dagbag.BundleDagBag","filename":"dagbag.py","lineno":469}
{"timestamp":"2026-07-03T13:33:21.228986Z","level":"info","event":"Connecting to: fraud-postgres 5432","logger":"dag_processor.stdout"}
{"timestamp":"2026-07-03T13:33:53.499206Z","level":"info","event":"Filling up the DagBag from /opt/airflow/dags/fraud_retraining_dag.py","logger":"airflow.dag_processing.dagbag.BundleDagBag","filename":"dagbag.py","lineno":469}
{"timestamp":"2026-07-03T13:33:57.253955Z","level":"info","event":"Connecting to: fraud-postgres 5432","logger":"dag_processor.stdout"}
{"timestamp":"2026-07-03T13:34:28.049870Z","level":"info","event":"Filling up the DagBag from /opt/airflow/dags/fraud_retraining_dag.py","logger":"airflow.dag_processing.dagbag.BundleDagBag","filename":"dagbag.py","lineno":469}
{"timestamp":"2026-07-03T13:34:31.816514Z","level":"info","event":"Connecting to: fraud-postgres 5432","logger":"dag_processor.stdout"}
{"timestamp":"2026-07-03T13:35:03.267428Z","level":"info","event":"Filling up the DagBag from /opt/airflow/dags/fraud_retraining_dag.py","logger":"airflow.dag_processing.dagbag.BundleDagBag","filename":"dagbag.py","lineno":469}
{"timestamp":"2026-07-03T13:35:18.032322Z","level":"info","event":"Connecting to: fraud-postgres 5432","logger":"dag_processor.stdout"}
{"timestamp":"2026-07-03T13:35:50.246715Z","level":"info","event":"Filling up the DagBag from /opt/airflow/dags/fraud_retraining_dag.py","logger":"airflow.dag_processing.dagbag.BundleDagBag","filename":"dagbag.py","lineno":469}
{"timestamp":"2026-07-03T13:35:55.357801Z","level":"info","event":"Connecting to: fraud-postgres 5432","logger":"dag_processor.stdout"}
{"timestamp":"2026-07-03T13:36:30.368072Z","level":"info","event":"Filling up the DagBag from /opt/airflow/dags/fraud_retraining_dag.py","logger":"airflow.dag_processing.dagbag.BundleDagBag","filename":"dagbag.py","lineno":469}
{"timestamp":"2026-07-03T13:36:48.364874Z","level":"info","event":"Connecting to: fraud-postgres 5432","logger":"dag_processor.stdout"}
{"timestamp":"2026-07-03T13:37:20.275376Z","level":"info","event":"Filling up the DagBag from /opt/airflow/dags/fraud_retraining_dag.py","logger":"airflow.dag_processing.dagbag.BundleDagBag","filename":"dagbag.py","lineno":469}
{"timestamp":"2026-07-03T13:37:43.457824Z","level":"info","event":"Connecting to: fraud-postgres 5432","logger":"dag_processor.stdout"}
{"timestamp":"2026-07-03T13:38:19.692743Z","level":"info","event":"Filling up the DagBag from /opt/airflow/dags/fraud_retraining_dag.py","logger":"airflow.dag_processing.dagbag.BundleDagBag","filename":"dagbag.py","lineno":469}
{"timestamp":"2026-07-03T13:38:37.261385Z","level":"info","event":"Connecting to: fraud-postgres 5432","logger":"dag_processor.stdout"}
{"timestamp":"2026-07-03T13:39:10.912718Z","level":"info","event":"Filling up the DagBag from /opt/airflow/dags/fraud_retraining_dag.py","logger":"airflow.dag_processing.dagbag.BundleDagBag","filename":"dagbag.py","lineno":469}
{"timestamp":"2026-07-03T13:39:24.765348Z","level":"info","event":"Connecting to: fraud-postgres 5432","logger":"dag_processor.stdout"}
{"timestamp":"2026-07-03T13:39:56.892071Z","level":"info","event":"Filling up the DagBag from /opt/airflow/dags/fraud_retraining_dag.py","logger":"airflow.dag_processing.dagbag.BundleDagBag","filename":"dagbag.py","lineno":469}
{"timestamp":"2026-07-03T13:40:00.781491Z","level":"info","event":"Connecting to: fraud-postgres 5432","logger":"dag_processor.stdout"}
{"timestamp":"2026-07-03T13:40:31.353225Z","level":"info","event":"Filling up the DagBag from /opt/airflow/dags/fraud_retraining_dag.py","logger":"airflow.dag_processing.dagbag.BundleDagBag","filename":"dagbag.py","lineno":469}
{"timestamp":"2026-07-03T13:40:34.205285Z","level":"info","event":"Connecting to: fraud-postgres 5432","logger":"dag_processor.stdout"}
{"timestamp":"2026-07-03T13:41:05.694622Z","level":"info","event":"Filling up the DagBag from /opt/airflow/dags/fraud_retraining_dag.py","logger":"airflow.dag_processing.dagbag.BundleDagBag","filename":"dagbag.py","lineno":469}
{"timestamp":"2026-07-03T13:41:09.573690Z","level":"info","event":"Connecting to: fraud-postgres 5432","logger":"dag_processor.stdout"}
{"timestamp":"2026-07-03T13:41:41.198555Z","level":"info","event":"Filling up the DagBag from /opt/airflow/dags/fraud_retraining_dag.py","logger":"airflow.dag_processing.dagbag.BundleDagBag","filename":"dagbag.py","lineno":469}
{"timestamp":"2026-07-03T13:41:45.005714Z","level":"info","event":"Connecting to: fraud-postgres 5432","logger":"dag_processor.stdout"}
{"timestamp":"2026-07-03T13:42:16.520586Z","level":"info","event":"Filling up the DagBag from /opt/airflow/dags/fraud_retraining_dag.py","logger":"airflow.dag_processing.dagbag.BundleDagBag","filename":"dagbag.py","lineno":469}
{"timestamp":"2026-07-03T13:42:19.552929Z","level":"info","event":"Connecting to: fraud-postgres 5432","logger":"dag_processor.stdout"}
{"timestamp":"2026-07-03T13:42:51.016265Z","level":"info","event":"Filling up the DagBag from /opt/airflow/dags/fraud_retraining_dag.py","logger":"airflow.dag_processing.dagbag.BundleDagBag","filename":"dagbag.py","lineno":469}
{"timestamp":"2026-07-03T13:42:57.393372Z","level":"info","event":"Connecting to: fraud-postgres 5432","logger":"dag_processor.stdout"}
{"timestamp":"2026-07-03T13:43:28.337090Z","level":"info","event":"Filling up the DagBag from /opt/airflow/dags/fraud_retraining_dag.py","logger":"airflow.dag_processing.dagbag.BundleDagBag","filename":"dagbag.py","lineno":469}
{"timestamp":"2026-07-03T13:43:31.488815Z","level":"info","event":"Connecting to: fraud-postgres 5432","logger":"dag_processor.stdout"}
{"timestamp":"2026-07-03T13:44:03.010709Z","level":"info","event":"Filling up the DagBag from /opt/airflow/dags/fraud_retraining_dag.py","logger":"airflow.dag_processing.dagbag.BundleDagBag","filename":"dagbag.py","lineno":469}
{"timestamp":"2026-07-03T13:44:06.231103Z","level":"info","event":"Connecting to: fraud-postgres 5432","logger":"dag_processor.stdout"}
{"timestamp":"2026-07-03T13:44:37.785701Z","level":"info","event":"Filling up the DagBag from /opt/airflow/dags/fraud_retraining_dag.py","logger":"airflow.dag_processing.dagbag.BundleDagBag","filename":"dagbag.py","lineno":469}
{"timestamp":"2026-07-03T13:44:42.454040Z","level":"info","event":"Connecting to: fraud-postgres 5432","logger":"dag_processor.stdout"}
{"timestamp":"2026-07-03T13:45:14.460467Z","level":"info","event":"Filling up the DagBag from /opt/airflow/dags/fraud_retraining_dag.py","logger":"airflow.dag_processing.dagbag.BundleDagBag","filename":"dagbag.py","lineno":469}
{"timestamp":"2026-07-03T13:45:17.421121Z","level":"info","event":"Connecting to: fraud-postgres 5432","logger":"dag_processor.stdout"}
{"timestamp":"2026-07-03T13:45:49.117024Z","level":"info","event":"Filling up the DagBag from /opt/airflow/dags/fraud_retraining_dag.py","logger":"airflow.dag_processing.dagbag.BundleDagBag","filename":"dagbag.py","lineno":469}
{"timestamp":"2026-07-03T13:45:52.364265Z","level":"info","event":"Connecting to: fraud-postgres 5432","logger":"dag_processor.stdout"}
{"timestamp":"2026-07-03T13:46:23.090668Z","level":"info","event":"Filling up the DagBag from /opt/airflow/dags/fraud_retraining_dag.py","logger":"airflow.dag_processing.dagbag.BundleDagBag","filename":"dagbag.py","lineno":469}
{"timestamp":"2026-07-03T13:46:26.407005Z","level":"info","event":"Connecting to: fraud-postgres 5432","logger":"dag_processor.stdout"}
{"timestamp":"2026-07-03T13:46:58.868568Z","level":"info","event":"Filling up the DagBag from /opt/airflow/dags/fraud_retraining_dag.py","logger":"airflow.dag_processing.dagbag.BundleDagBag","filename":"dagbag.py","lineno":469}
{"timestamp":"2026-07-03T13:47:11.381541Z","level":"info","event":"Connecting to: fraud-postgres 5432","logger":"dag_processor.stdout"}
{"timestamp":"2026-07-03T13:47:42.796337Z","level":"info","event":"Filling up the DagBag from /opt/airflow/dags/fraud_retraining_dag.py","logger":"airflow.dag_processing.dagbag.BundleDagBag","filename":"dagbag.py","lineno":469}
{"timestamp":"2026-07-03T13:47:46.515161Z","level":"info","event":"Connecting to: fraud-postgres 5432","logger":"dag_processor.stdout"}
{"timestamp":"2026-07-03T13:48:19.207241Z","level":"info","event":"Filling up the DagBag from /opt/airflow/dags/fraud_retraining_dag.py","logger":"airflow.dag_processing.dagbag.BundleDagBag","filename":"dagbag.py","lineno":469}
{"timestamp":"2026-07-03T13:48:23.071087Z","level":"info","event":"Connecting to: fraud-postgres 5432","logger":"dag_processor.stdout"}
{"timestamp":"2026-07-03T13:48:54.440749Z","level":"info","event":"Filling up the DagBag from /opt/airflow/dags/fraud_retraining_dag.py","logger":"airflow.dag_processing.dagbag.BundleDagBag","filename":"dagbag.py","lineno":469}
{"timestamp":"2026-07-03T13:49:01.213192Z","level":"info","event":"Connecting to: fraud-postgres 5432","logger":"dag_processor.stdout"}
{"timestamp":"2026-07-03T13:49:33.850665Z","level":"info","event":"Filling up the DagBag from /opt/airflow/dags/fraud_retraining_dag.py","logger":"airflow.dag_processing.dagbag.BundleDagBag","filename":"dagbag.py","lineno":469}
{"timestamp":"2026-07-03T13:49:38.457283Z","level":"info","event":"Connecting to: fraud-postgres 5432","logger":"dag_processor.stdout"}
{"timestamp":"2026-07-03T13:50:09.011057Z","level":"info","event":"Filling up the DagBag from /opt/airflow/dags/fraud_retraining_dag.py","logger":"airflow.dag_processing.dagbag.BundleDagBag","filename":"dagbag.py","lineno":469}
{"timestamp":"2026-07-03T13:50:12.205695Z","level":"info","event":"Connecting to: fraud-postgres 5432","logger":"dag_processor.stdout"}
{"timestamp":"2026-07-03T13:50:43.606065Z","level":"info","event":"Filling up the DagBag from /opt/airflow/dags/fraud_retraining_dag.py","logger":"airflow.dag_processing.dagbag.BundleDagBag","filename":"dagbag.py","lineno":469}
{"timestamp":"2026-07-03T13:50:46.757079Z","level":"info","event":"Connecting to: fraud-postgres 5432","logger":"dag_processor.stdout"}
{"timestamp":"2026-07-03T13:51:17.527829Z","level":"info","event":"Filling up the DagBag from /opt/airflow/dags/fraud_retraining_dag.py","logger":"airflow.dag_processing.dagbag.BundleDagBag","filename":"dagbag.py","lineno":469}
{"timestamp":"2026-07-03T13:51:21.618606Z","level":"info","event":"Connecting to: fraud-postgres 5432","logger":"dag_processor.stdout"}
{"timestamp":"2026-07-03T13:51:52.929882Z","level":"info","event":"Filling up the DagBag from /opt/airflow/dags/fraud_retraining_dag.py","logger":"airflow.dag_processing.dagbag.BundleDagBag","filename":"dagbag.py","lineno":469}
{"timestamp":"2026-07-03T13:51:56.722926Z","level":"info","event":"Connecting to: fraud-postgres 5432","logger":"dag_processor.stdout"}
{"timestamp":"2026-07-03T13:52:28.059617Z","level":"info","event":"Filling up the DagBag from /opt/airflow/dags/fraud_retraining_dag.py","logger":"airflow.dag_processing.dagbag.BundleDagBag","filename":"dagbag.py","lineno":469}
{"timestamp":"2026-07-03T13:52:33.163110Z","level":"info","event":"Connecting to: fraud-postgres 5432","logger":"dag_processor.stdout"}
{"timestamp":"2026-07-03T13:53:03.832802Z","level":"info","event":"Filling up the DagBag from /opt/airflow/dags/fraud_retraining_dag.py","logger":"airflow.dag_processing.dagbag.BundleDagBag","filename":"dagbag.py","lineno":469}
{"timestamp":"2026-07-03T13:53:09.491056Z","level":"info","event":"Connecting to: fraud-postgres 5432","logger":"dag_processor.stdout"}
{"timestamp":"2026-07-03T13:53:40.612768Z","level":"info","event":"Filling up the DagBag from /opt/airflow/dags/fraud_retraining_dag.py","logger":"airflow.dag_processing.dagbag.BundleDagBag","filename":"dagbag.py","lineno":469}
{"timestamp":"2026-07-03T13:53:44.843160Z","level":"info","event":"Connecting to: fraud-postgres 5432","logger":"dag_processor.stdout"}
{"timestamp":"2026-07-03T13:54:15.937597Z","level":"info","event":"Filling up the DagBag from /opt/airflow/dags/fraud_retraining_dag.py","logger":"airflow.dag_processing.dagbag.BundleDagBag","filename":"dagbag.py","lineno":469}
{"timestamp":"2026-07-03T13:54:19.777265Z","level":"info","event":"Connecting to: fraud-postgres 5432","logger":"dag_processor.stdout"}
{"timestamp":"2026-07-03T13:54:50.346384Z","level":"info","event":"Filling up the DagBag from /opt/airflow/dags/fraud_retraining_dag.py","logger":"airflow.dag_processing.dagbag.BundleDagBag","filename":"dagbag.py","lineno":469}
{"timestamp":"2026-07-03T13:54:53.471375Z","level":"info","event":"Connecting to: fraud-postgres 5432","logger":"dag_processor.stdout"}
{"timestamp":"2026-07-03T13:55:24.734777Z","level":"info","event":"Filling up the DagBag from /opt/airflow/dags/fraud_retraining_dag.py","logger":"airflow.dag_processing.dagbag.BundleDagBag","filename":"dagbag.py","lineno":469}
{"timestamp":"2026-07-03T13:55:28.044756Z","level":"info","event":"Connecting to: fraud-postgres 5432","logger":"dag_processor.stdout"}
{"timestamp":"2026-07-03T13:55:59.456540Z","level":"info","event":"Filling up the DagBag from /opt/airflow/dags/fraud_retraining_dag.py","logger":"airflow.dag_processing.dagbag.BundleDagBag","filename":"dagbag.py","lineno":469}
{"timestamp":"2026-07-03T13:56:02.399555Z","level":"info","event":"Connecting to: fraud-postgres 5432","logger":"dag_processor.stdout"}
{"timestamp":"2026-07-03T13:56:32.989565Z","level":"info","event":"Filling up the DagBag from /opt/airflow/dags/fraud_retraining_dag.py","logger":"airflow.dag_processing.dagbag.BundleDagBag","filename":"dagbag.py","lineno":469}
{"timestamp":"2026-07-03T13:58:41.112411Z","level":"info","event":"Filling up the DagBag from /opt/airflow/dags/fraud_retraining_dag.py","logger":"airflow.dag_processing.dagbag.BundleDagBag","filename":"dagbag.py","lineno":469}
{"timestamp":"2026-07-03T13:59:03.219829Z","level":"info","event":"Connecting to: fraud-postgres 5432","logger":"dag_processor.stdout"}
{"timestamp":"2026-07-03T13:59:35.767122Z","level":"info","event":"Filling up the DagBag from /opt/airflow/dags/fraud_retraining_dag.py","logger":"airflow.dag_processing.dagbag.BundleDagBag","filename":"dagbag.py","lineno":469}
{"timestamp":"2026-07-03T13:59:40.367652Z","level":"info","event":"Connecting to: fraud-postgres 5432","logger":"dag_processor.stdout"}
{"timestamp":"2026-07-03T14:00:11.665642Z","level":"info","event":"Filling up the DagBag from /opt/airflow/dags/fraud_retraining_dag.py","logger":"airflow.dag_processing.dagbag.BundleDagBag","filename":"dagbag.py","lineno":469}
{"timestamp":"2026-07-03T14:00:14.743452Z","level":"info","event":"Connecting to: fraud-postgres 5432","logger":"dag_processor.stdout"}
{"timestamp":"2026-07-03T14:00:46.479367Z","level":"info","event":"Filling up the DagBag from /opt/airflow/dags/fraud_retraining_dag.py","logger":"airflow.dag_processing.dagbag.BundleDagBag","filename":"dagbag.py","lineno":469}
{"timestamp":"2026-07-03T14:00:50.720927Z","level":"info","event":"Connecting to: fraud-postgres 5432","logger":"dag_processor.stdout"}
{"timestamp":"2026-07-03T14:01:22.095628Z","level":"info","event":"Filling up the DagBag from /opt/airflow/dags/fraud_retraining_dag.py","logger":"airflow.dag_processing.dagbag.BundleDagBag","filename":"dagbag.py","lineno":469}
{"timestamp":"2026-07-03T14:01:25.180892Z","level":"info","event":"Connecting to: fraud-postgres 5432","logger":"dag_processor.stdout"}
{"timestamp":"2026-07-03T14:01:56.693781Z","level":"info","event":"Filling up the DagBag from /opt/airflow/dags/fraud_retraining_dag.py","logger":"airflow.dag_processing.dagbag.BundleDagBag","filename":"dagbag.py","lineno":469}
{"timestamp":"2026-07-03T14:01:59.641328Z","level":"info","event":"Connecting to: fraud-postgres 5432","logger":"dag_processor.stdout"}
{"timestamp":"2026-07-03T14:02:31.984678Z","level":"info","event":"Filling up the DagBag from /opt/airflow/dags/fraud_retraining_dag.py","logger":"airflow.dag_processing.dagbag.BundleDagBag","filename":"dagbag.py","lineno":469}
{"timestamp":"2026-07-03T14:02:40.745160Z","level":"info","event":"Connecting to: fraud-postgres 5432","logger":"dag_processor.stdout"}
{"timestamp":"2026-07-03T14:03:11.906775Z","level":"info","event":"Filling up the DagBag from /opt/airflow/dags/fraud_retraining_dag.py","logger":"airflow.dag_processing.dagbag.BundleDagBag","filename":"dagbag.py","lineno":469}
{"timestamp":"2026-07-03T14:03:17.453227Z","level":"info","event":"Connecting to: fraud-postgres 5432","logger":"dag_processor.stdout"}
{"timestamp":"2026-07-03T14:03:50.249674Z","level":"info","event":"Filling up the DagBag from /opt/airflow/dags/fraud_retraining_dag.py","logger":"airflow.dag_processing.dagbag.BundleDagBag","filename":"dagbag.py","lineno":469}
{"timestamp":"2026-07-03T14:03:59.687056Z","level":"info","event":"Connecting to: fraud-postgres 5432","logger":"dag_processor.stdout"}
{"timestamp":"2026-07-03T14:04:30.411699Z","level":"info","event":"Filling up the DagBag from /opt/airflow/dags/fraud_retraining_dag.py","logger":"airflow.dag_processing.dagbag.BundleDagBag","filename":"dagbag.py","lineno":469}
{"timestamp":"2026-07-03T14:04:35.970799Z","level":"info","event":"Connecting to: fraud-postgres 5432","logger":"dag_processor.stdout"}
{"timestamp":"2026-07-03T14:05:07.214145Z","level":"info","event":"Filling up the DagBag from /opt/airflow/dags/fraud_retraining_dag.py","logger":"airflow.dag_processing.dagbag.BundleDagBag","filename":"dagbag.py","lineno":469}
{"timestamp":"2026-07-03T14:05:12.172037Z","level":"info","event":"Connecting to: fraud-postgres 5432","logger":"dag_processor.stdout"}
{"timestamp":"2026-07-03T14:05:43.050876Z","level":"info","event":"Filling up the DagBag from /opt/airflow/dags/fraud_retraining_dag.py","logger":"airflow.dag_processing.dagbag.BundleDagBag","filename":"dagbag.py","lineno":469}
{"timestamp":"2026-07-03T14:05:54.457019Z","level":"info","event":"Connecting to: fraud-postgres 5432","logger":"dag_processor.stdout"}
{"timestamp":"2026-07-03T14:06:25.304918Z","level":"info","event":"Filling up the DagBag from /opt/airflow/dags/fraud_retraining_dag.py","logger":"airflow.dag_processing.dagbag.BundleDagBag","filename":"dagbag.py","lineno":469}
{"timestamp":"2026-07-03T14:06:32.694343Z","level":"info","event":"Connecting to: fraud-postgres 5432","logger":"dag_processor.stdout"}
{"timestamp":"2026-07-03T14:07:03.380130Z","level":"info","event":"Filling up the DagBag from /opt/airflow/dags/fraud_retraining_dag.py","logger":"airflow.dag_processing.dagbag.BundleDagBag","filename":"dagbag.py","lineno":469}
{"timestamp":"2026-07-03T14:07:08.553378Z","level":"info","event":"Connecting to: fraud-postgres 5432","logger":"dag_processor.stdout"}
{"timestamp":"2026-07-03T14:09:58.741585Z","level":"info","event":"Filling up the DagBag from /opt/airflow/dags/fraud_retraining_dag.py","logger":"airflow.dag_processing.dagbag.BundleDagBag","filename":"dagbag.py","lineno":469}
{"timestamp":"2026-07-03T14:10:25.297560Z","level":"info","event":"Connecting to: fraud-postgres 5432","logger":"dag_processor.stdout"}
{"timestamp":"2026-07-03T14:10:56.611171Z","level":"info","event":"Filling up the DagBag from /opt/airflow/dags/fraud_retraining_dag.py","logger":"airflow.dag_processing.dagbag.BundleDagBag","filename":"dagbag.py","lineno":469}
{"timestamp":"2026-07-03T14:11:06.295236Z","level":"info","event":"Connecting to: fraud-postgres 5432","logger":"dag_processor.stdout"}
{"timestamp":"2026-07-03T14:11:37.317374Z","level":"info","event":"Filling up the DagBag from /opt/airflow/dags/fraud_retraining_dag.py","logger":"airflow.dag_processing.dagbag.BundleDagBag","filename":"dagbag.py","lineno":469}
{"timestamp":"2026-07-03T14:11:42.833495Z","level":"info","event":"Connecting to: fraud-postgres 5432","logger":"dag_processor.stdout"}
{"timestamp":"2026-07-03T14:12:14.434346Z","level":"info","event":"Filling up the DagBag from /opt/airflow/dags/fraud_retraining_dag.py","logger":"airflow.dag_processing.dagbag.BundleDagBag","filename":"dagbag.py","lineno":469}
{"timestamp":"2026-07-03T14:12:18.228248Z","level":"info","event":"Connecting to: fraud-postgres 5432","logger":"dag_processor.stdout"}
{"timestamp":"2026-07-03T14:12:49.625528Z","level":"info","event":"Filling up the DagBag from /opt/airflow/dags/fraud_retraining_dag.py","logger":"airflow.dag_processing.dagbag.BundleDagBag","filename":"dagbag.py","lineno":469}
{"timestamp":"2026-07-03T14:12:54.478817Z","level":"info","event":"Connecting to: fraud-postgres 5432","logger":"dag_processor.stdout"}
{"timestamp":"2026-07-03T14:13:25.867299Z","level":"info","event":"Filling up the DagBag from /opt/airflow/dags/fraud_retraining_dag.py","logger":"airflow.dag_processing.dagbag.BundleDagBag","filename":"dagbag.py","lineno":469}
{"timestamp":"2026-07-03T14:13:31.671520Z","level":"info","event":"Connecting to: fraud-postgres 5432","logger":"dag_processor.stdout"}
{"timestamp":"2026-07-03T14:14:02.979193Z","level":"info","event":"Filling up the DagBag from /opt/airflow/dags/fraud_retraining_dag.py","logger":"airflow.dag_processing.dagbag.BundleDagBag","filename":"dagbag.py","lineno":469}
{"timestamp":"2026-07-03T14:14:07.953691Z","level":"info","event":"Connecting to: fraud-postgres 5432","logger":"dag_processor.stdout"}
{"timestamp":"2026-07-03T14:14:39.391337Z","level":"info","event":"Filling up the DagBag from /opt/airflow/dags/fraud_retraining_dag.py","logger":"airflow.dag_processing.dagbag.BundleDagBag","filename":"dagbag.py","lineno":469}
{"timestamp":"2026-07-03T14:14:55.408842Z","level":"info","event":"Connecting to: fraud-postgres 5432","logger":"dag_processor.stdout"}
{"timestamp":"2026-07-03T14:18:23.974512Z","level":"info","event":"Filling up the DagBag from /opt/airflow/dags/fraud_retraining_dag.py","logger":"airflow.dag_processing.dagbag.BundleDagBag","filename":"dagbag.py","lineno":469}
{"timestamp":"2026-07-03T14:18:54.134152Z","level":"error","event":"Process timed out, PID: 17","logger":"airflow.dag_processing.importers.python_importer","filename":"python_importer.py","lineno":62}
{"timestamp":"2026-07-03T14:18:54.135655Z","level":"error","event":"Failed to import: /opt/airflow/dags/fraud_retraining_dag.py","logger":"airflow.dag_processing.importers.python_importer","filename":"python_importer.py","lineno":244,"error_detail":[{"exc_type":"AirflowTaskTimeout","exc_value":"DagBag import timeout for /opt/airflow/dags/fraud_retraining_dag.py after 30.0s.\nPlease take a look at these docs to improve your DAG import time:\n* https://airflow.apache.org/docs/apache-airflow/3.2.2/best-practices.html#top-level-python-code\n* https://airflow.apache.org/docs/apache-airflow/3.2.2/best-practices.html#reducing-dag-complexity, PID: 17","exc_notes":[],"syntax_error":null,"is_cause":false,"frames":[{"filename":"/home/airflow/.local/lib/python3.12/site-packages/airflow/dag_processing/importers/python_importer.py","lineno":238,"name":"parse"},{"filename":"<frozen importlib._bootstrap_external>","lineno":999,"name":"exec_module"},{"filename":"<frozen importlib._bootstrap>","lineno":488,"name":"_call_with_frames_removed"},{"filename":"/opt/airflow/dags/fraud_retraining_dag.py","lineno":7,"name":"<module>"},{"filename":"/opt/airflow/ml/training/validate_model.py","lineno":5,"name":"<module>"},{"filename":"/opt/airflow/ml/training/metrics.py","lineno":1,"name":"<module>"},{"filename":"/home/airflow/.local/lib/python3.12/site-packages/sklearn/metrics/__init__.py","lineno":32,"name":"<module>"},{"filename":"/home/airflow/.local/lib/python3.12/site-packages/sklearn/metrics/_plot/det_curve.py","lineno":7,"name":"<module>"},{"filename":"/home/airflow/.local/lib/python3.12/site-packages/airflow/dag_processing/importers/python_importer.py","lineno":65,"name":"handle_timeout"}],"is_group":false,"exceptions":[]}]}
{"timestamp":"2026-07-03T14:18:54.142867Z","level":"error","event":"Error loading DAG from fraud_retraining_dag.py: DagBag import timeout for /opt/airflow/dags/fraud_retraining_dag.py after 30.0s.\nPlease take a look at these docs to improve your DAG import time:\n* https://airflow.apache.org/docs/apache-airflow/3.2.2/best-practices.html#top-level-python-code\n* https://airflow.apache.org/docs/apache-airflow/3.2.2/best-practices.html#reducing-dag-complexity, PID: 17","logger":"airflow.dag_processing.dagbag.BundleDagBag","filename":"dagbag.py","lineno":327}
{"timestamp":"2026-07-03T14:19:24.503461Z","level":"info","event":"Filling up the DagBag from /opt/airflow/dags/fraud_retraining_dag.py","logger":"airflow.dag_processing.dagbag.BundleDagBag","filename":"dagbag.py","lineno":469}
{"timestamp":"2026-07-03T14:19:33.674598Z","level":"info","event":"Connecting to: fraud-postgres 5432","logger":"dag_processor.stdout"}
{"timestamp":"2026-07-03T14:20:05.140895Z","level":"info","event":"Filling up the DagBag from /opt/airflow/dags/fraud_retraining_dag.py","logger":"airflow.dag_processing.dagbag.BundleDagBag","filename":"dagbag.py","lineno":469}
{"timestamp":"2026-07-03T14:20:14.678838Z","level":"info","event":"Connecting to: fraud-postgres 5432","logger":"dag_processor.stdout"}
{"timestamp":"2026-07-03T14:20:45.755784Z","level":"info","event":"Filling up the DagBag from /opt/airflow/dags/fraud_retraining_dag.py","logger":"airflow.dag_processing.dagbag.BundleDagBag","filename":"dagbag.py","lineno":469}
{"timestamp":"2026-07-03T14:20:48.948521Z","level":"info","event":"Connecting to: fraud-postgres 5432","logger":"dag_processor.stdout"}
{"timestamp":"2026-07-03T14:21:20.079555Z","level":"info","event":"Filling up the DagBag from /opt/airflow/dags/fraud_retraining_dag.py","logger":"airflow.dag_processing.dagbag.BundleDagBag","filename":"dagbag.py","lineno":469}
{"timestamp":"2026-07-03T14:21:27.205940Z","level":"info","event":"Connecting to: fraud-postgres 5432","logger":"dag_processor.stdout"}
{"timestamp":"2026-07-03T14:21:58.540807Z","level":"info","event":"Filling up the DagBag from /opt/airflow/dags/fraud_retraining_dag.py","logger":"airflow.dag_processing.dagbag.BundleDagBag","filename":"dagbag.py","lineno":469}
{"timestamp":"2026-07-03T14:22:27.949405Z","level":"info","event":"Connecting to: fraud-postgres 5432","logger":"dag_processor.stdout"}
{"timestamp":"2026-07-03T14:22:28.507108Z","level":"error","event":"Process timed out, PID: 64","logger":"airflow.dag_processing.importers.python_importer","filename":"python_importer.py","lineno":62}
{"timestamp":"2026-07-03T14:22:28.514522Z","level":"error","event":"Failed to import: /opt/airflow/dags/fraud_retraining_dag.py","logger":"airflow.dag_processing.importers.python_importer","filename":"python_importer.py","lineno":244,"error_detail":[{"exc_type":"AirflowTaskTimeout","exc_value":"DagBag import timeout for /opt/airflow/dags/fraud_retraining_dag.py after 30.0s.\nPlease take a look at these docs to improve your DAG import time:\n* https://airflow.apache.org/docs/apache-airflow/3.2.2/best-practices.html#top-level-python-code\n* https://airflow.apache.org/docs/apache-airflow/3.2.2/best-practices.html#reducing-dag-complexity, PID: 64","exc_notes":[],"syntax_error":null,"is_cause":false,"frames":[{"filename":"/home/airflow/.local/lib/python3.12/site-packages/airflow/dag_processing/importers/python_importer.py","lineno":238,"name":"parse"},{"filename":"<frozen importlib._bootstrap_external>","lineno":999,"name":"exec_module"},{"filename":"<frozen importlib._bootstrap>","lineno":488,"name":"_call_with_frames_removed"},{"filename":"/opt/airflow/dags/fraud_retraining_dag.py","lineno":12,"name":"<module>"},{"filename":"/opt/airflow/ml/training/train_final_model.py","lineno":5,"name":"<module>"},{"filename":"/home/airflow/.local/lib/python3.12/site-packages/lightgbm/__init__.py","lineno":11,"name":"<module>"},{"filename":"/home/airflow/.local/lib/python3.12/site-packages/lightgbm/basic.py","lineno":29,"name":"<module>"},{"filename":"/home/airflow/.local/lib/python3.12/site-packages/lightgbm/compat.py","lineno":199,"name":"<module>"},{"filename":"/home/airflow/.local/lib/python3.12/site-packages/graphviz/__init__.py","lineno":31,"name":"<module>"},{"filename":"/home/airflow/.local/lib/python3.12/site-packages/graphviz/backend/__init__.py","lineno":3,"name":"<module>"},{"filename":"/home/airflow/.local/lib/python3.12/site-packages/graphviz/backend/dot_command.py","lineno":7,"name":"<module>"},{"filename":"/home/airflow/.local/lib/python3.12/site-packages/graphviz/exceptions.py","lineno":3,"name":"<module>"},{"filename":"<frozen importlib._bootstrap>","lineno":1360,"name":"_find_and_load"},{"filename":"<frozen importlib._bootstrap>","lineno":1331,"name":"_find_and_load_unlocked"},{"filename":"<frozen importlib._bootstrap>","lineno":935,"name":"_load_unlocked"},{"filename":"<frozen importlib._bootstrap_external>","lineno":995,"name":"exec_module"},{"filename":"<frozen importlib._bootstrap_external>","lineno":1128,"name":"get_code"},{"filename":"<frozen importlib._bootstrap_external>","lineno":757,"name":"_compile_bytecode"},{"filename":"/home/airflow/.local/lib/python3.12/site-packages/airflow/dag_processing/importers/python_importer.py","lineno":65,"name":"handle_timeout"}],"is_group":false,"exceptions":[]}]}
{"timestamp":"2026-07-03T14:22:28.551191Z","level":"error","event":"Error loading DAG from fraud_retraining_dag.py: DagBag import timeout for /opt/airflow/dags/fraud_retraining_dag.py after 30.0s.\nPlease take a look at these docs to improve your DAG import time:\n* https://airflow.apache.org/docs/apache-airflow/3.2.2/best-practices.html#top-level-python-code\n* https://airflow.apache.org/docs/apache-airflow/3.2.2/best-practices.html#reducing-dag-complexity, PID: 64","logger":"airflow.dag_processing.dagbag.BundleDagBag","filename":"dagbag.py","lineno":327}
{"timestamp":"2026-07-03T14:22:59.214081Z","level":"info","event":"Filling up the DagBag from /opt/airflow/dags/fraud_retraining_dag.py","logger":"airflow.dag_processing.dagbag.BundleDagBag","filename":"dagbag.py","lineno":469}
{"timestamp":"2026-07-03T14:23:05.680234Z","level":"info","event":"Connecting to: fraud-postgres 5432","logger":"dag_processor.stdout"}
{"timestamp":"2026-07-03T14:23:38.470473Z","level":"info","event":"Filling up the DagBag from /opt/airflow/dags/fraud_retraining_dag.py","logger":"airflow.dag_processing.dagbag.BundleDagBag","filename":"dagbag.py","lineno":469}
{"timestamp":"2026-07-03T14:23:49.595305Z","level":"info","event":"Connecting to: fraud-postgres 5432","logger":"dag_processor.stdout"}
{"timestamp":"2026-07-03T14:24:22.744742Z","level":"info","event":"Filling up the DagBag from /opt/airflow/dags/fraud_retraining_dag.py","logger":"airflow.dag_processing.dagbag.BundleDagBag","filename":"dagbag.py","lineno":469}
{"timestamp":"2026-07-03T14:24:49.656542Z","level":"info","event":"Connecting to: fraud-postgres 5432","logger":"dag_processor.stdout"}
{"timestamp":"2026-07-03T14:25:22.563492Z","level":"info","event":"Filling up the DagBag from /opt/airflow/dags/fraud_retraining_dag.py","logger":"airflow.dag_processing.dagbag.BundleDagBag","filename":"dagbag.py","lineno":469}
{"timestamp":"2026-07-03T14:25:46.252533Z","level":"info","event":"Connecting to: fraud-postgres 5432","logger":"dag_processor.stdout"}
{"timestamp":"2026-07-03T14:26:17.888459Z","level":"info","event":"Filling up the DagBag from /opt/airflow/dags/fraud_retraining_dag.py","logger":"airflow.dag_processing.dagbag.BundleDagBag","filename":"dagbag.py","lineno":469}
{"timestamp":"2026-07-03T14:26:35.759369Z","level":"info","event":"Connecting to: fraud-postgres 5432","logger":"dag_processor.stdout"}
{"timestamp":"2026-07-03T14:27:07.914560Z","level":"info","event":"Filling up the DagBag from /opt/airflow/dags/fraud_retraining_dag.py","logger":"airflow.dag_processing.dagbag.BundleDagBag","filename":"dagbag.py","lineno":469}
{"timestamp":"2026-07-03T14:27:31.059708Z","level":"info","event":"Connecting to: fraud-postgres 5432","logger":"dag_processor.stdout"}
{"timestamp":"2026-07-03T14:28:05.467118Z","level":"info","event":"Filling up the DagBag from /opt/airflow/dags/fraud_retraining_dag.py","logger":"airflow.dag_processing.dagbag.BundleDagBag","filename":"dagbag.py","lineno":469}
{"timestamp":"2026-07-03T14:28:11.324603Z","level":"info","event":"Connecting to: fraud-postgres 5432","logger":"dag_processor.stdout"}
{"timestamp":"2026-07-03T14:28:42.956624Z","level":"info","event":"Filling up the DagBag from /opt/airflow/dags/fraud_retraining_dag.py","logger":"airflow.dag_processing.dagbag.BundleDagBag","filename":"dagbag.py","lineno":469}
{"timestamp":"2026-07-03T14:28:49.739716Z","level":"info","event":"Connecting to: fraud-postgres 5432","logger":"dag_processor.stdout"}
{"timestamp":"2026-07-03T14:29:20.562735Z","level":"info","event":"Filling up the DagBag from /opt/airflow/dags/fraud_retraining_dag.py","logger":"airflow.dag_processing.dagbag.BundleDagBag","filename":"dagbag.py","lineno":469}
{"timestamp":"2026-07-03T14:29:34.236143Z","level":"info","event":"Connecting to: fraud-postgres 5432","logger":"dag_processor.stdout"}
{"timestamp":"2026-07-03T14:30:06.786344Z","level":"info","event":"Filling up the DagBag from /opt/airflow/dags/fraud_retraining_dag.py","logger":"airflow.dag_processing.dagbag.BundleDagBag","filename":"dagbag.py","lineno":469}
{"timestamp":"2026-07-03T14:30:22.283072Z","level":"info","event":"Connecting to: fraud-postgres 5432","logger":"dag_processor.stdout"}
{"timestamp":"2026-07-03T14:30:54.653782Z","level":"info","event":"Filling up the DagBag from /opt/airflow/dags/fraud_retraining_dag.py","logger":"airflow.dag_processing.dagbag.BundleDagBag","filename":"dagbag.py","lineno":469}
{"timestamp":"2026-07-03T14:31:03.410056Z","level":"info","event":"Connecting to: fraud-postgres 5432","logger":"dag_processor.stdout"}
{"timestamp":"2026-07-03T14:31:38.165783Z","level":"info","event":"Filling up the DagBag from /opt/airflow/dags/fraud_retraining_dag.py","logger":"airflow.dag_processing.dagbag.BundleDagBag","filename":"dagbag.py","lineno":469}
{"timestamp":"2026-07-03T14:31:53.458591Z","level":"info","event":"Connecting to: fraud-postgres 5432","logger":"dag_processor.stdout"}
{"timestamp":"2026-07-03T14:32:28.172471Z","level":"info","event":"Filling up the DagBag from /opt/airflow/dags/fraud_retraining_dag.py","logger":"airflow.dag_processing.dagbag.BundleDagBag","filename":"dagbag.py","lineno":469}
{"timestamp":"2026-07-03T14:32:45.675882Z","level":"info","event":"Connecting to: fraud-postgres 5432","logger":"dag_processor.stdout"}
{"timestamp":"2026-07-03T14:33:21.909995Z","level":"info","event":"Filling up the DagBag from /opt/airflow/dags/fraud_retraining_dag.py","logger":"airflow.dag_processing.dagbag.BundleDagBag","filename":"dagbag.py","lineno":469}
{"timestamp":"2026-07-03T14:33:30.297369Z","level":"info","event":"Connecting to: fraud-postgres 5432","logger":"dag_processor.stdout"}
{"timestamp":"2026-07-03T14:34:03.161043Z","level":"info","event":"Filling up the DagBag from /opt/airflow/dags/fraud_retraining_dag.py","logger":"airflow.dag_processing.dagbag.BundleDagBag","filename":"dagbag.py","lineno":469}
{"timestamp":"2026-07-03T14:34:13.583967Z","level":"info","event":"Connecting to: fraud-postgres 5432","logger":"dag_processor.stdout"}
{"timestamp":"2026-07-03T14:34:45.315815Z","level":"info","event":"Filling up the DagBag from /opt/airflow/dags/fraud_retraining_dag.py","logger":"airflow.dag_processing.dagbag.BundleDagBag","filename":"dagbag.py","lineno":469}
{"timestamp":"2026-07-03T14:34:52.263496Z","level":"info","event":"Connecting to: fraud-postgres 5432","logger":"dag_processor.stdout"}
{"timestamp":"2026-07-03T14:35:23.640332Z","level":"info","event":"Filling up the DagBag from /opt/airflow/dags/fraud_retraining_dag.py","logger":"airflow.dag_processing.dagbag.BundleDagBag","filename":"dagbag.py","lineno":469}
{"timestamp":"2026-07-03T14:35:29.276190Z","level":"info","event":"Connecting to: fraud-postgres 5432","logger":"dag_processor.stdout"}
{"timestamp":"2026-07-03T14:36:01.727337Z","level":"info","event":"Filling up the DagBag from /opt/airflow/dags/fraud_retraining_dag.py","logger":"airflow.dag_processing.dagbag.BundleDagBag","filename":"dagbag.py","lineno":469}
{"timestamp":"2026-07-03T14:36:27.116952Z","level":"info","event":"Connecting to: fraud-postgres 5432","logger":"dag_processor.stdout"}
{"timestamp":"2026-07-03T14:37:03.173127Z","level":"info","event":"Filling up the DagBag from /opt/airflow/dags/fraud_retraining_dag.py","logger":"airflow.dag_processing.dagbag.BundleDagBag","filename":"dagbag.py","lineno":469}
{"timestamp":"2026-07-03T14:37:33.928888Z","level":"error","event":"Process timed out, PID: 245","logger":"airflow.dag_processing.importers.python_importer","filename":"python_importer.py","lineno":62}
{"timestamp":"2026-07-03T14:37:33.933358Z","level":"error","event":"Failed to import: /opt/airflow/dags/fraud_retraining_dag.py","logger":"airflow.dag_processing.importers.python_importer","filename":"python_importer.py","lineno":244,"error_detail":[{"exc_type":"AirflowTaskTimeout","exc_value":"DagBag import timeout for /opt/airflow/dags/fraud_retraining_dag.py after 30.0s.\nPlease take a look at these docs to improve your DAG import time:\n* https://airflow.apache.org/docs/apache-airflow/3.2.2/best-practices.html#top-level-python-code\n* https://airflow.apache.org/docs/apache-airflow/3.2.2/best-practices.html#reducing-dag-complexity, PID: 245","exc_notes":[],"syntax_error":null,"is_cause":false,"frames":[{"filename":"/home/airflow/.local/lib/python3.12/site-packages/airflow/dag_processing/importers/python_importer.py","lineno":238,"name":"parse"},{"filename":"<frozen importlib._bootstrap_external>","lineno":999,"name":"exec_module"},{"filename":"<frozen importlib._bootstrap>","lineno":488,"name":"_call_with_frames_removed"},{"filename":"/opt/airflow/dags/fraud_retraining_dag.py","lineno":8,"name":"<module>"},{"filename":"/opt/airflow/ml/training/activate_model.py","lineno":1,"name":"<module>"},{"filename":"<frozen importlib._bootstrap>","lineno":1360,"name":"_find_and_load"},{"filename":"<frozen importlib._bootstrap>","lineno":1322,"name":"_find_and_load_unlocked"},{"filename":"<frozen importlib._bootstrap>","lineno":1262,"name":"_find_spec"},{"filename":"<frozen importlib._bootstrap_external>","lineno":1532,"name":"find_spec"},{"filename":"<frozen importlib._bootstrap_external>","lineno":1506,"name":"_get_spec"},{"filename":"<frozen importlib._bootstrap_external>","lineno":1624,"name":"find_spec"},{"filename":"/home/airflow/.local/lib/python3.12/site-packages/airflow/dag_processing/importers/python_importer.py","lineno":65,"name":"handle_timeout"}],"is_group":false,"exceptions":[]}]}
{"timestamp":"2026-07-03T14:37:34.433253Z","level":"error","event":"Error loading DAG from fraud_retraining_dag.py: DagBag import timeout for /opt/airflow/dags/fraud_retraining_dag.py after 30.0s.\nPlease take a look at these docs to improve your DAG import time:\n* https://airflow.apache.org/docs/apache-airflow/3.2.2/best-practices.html#top-level-python-code\n* https://airflow.apache.org/docs/apache-airflow/3.2.2/best-practices.html#reducing-dag-complexity, PID: 245","logger":"airflow.dag_processing.dagbag.BundleDagBag","filename":"dagbag.py","lineno":327}
{"timestamp":"2026-07-03T14:38:08.010336Z","level":"info","event":"Filling up the DagBag from /opt/airflow/dags/fraud_retraining_dag.py","logger":"airflow.dag_processing.dagbag.BundleDagBag","filename":"dagbag.py","lineno":469}
{"timestamp":"2026-07-03T14:38:34.934648Z","level":"info","event":"Connecting to: fraud-postgres 5432","logger":"dag_processor.stdout"}
{"timestamp":"2026-07-03T14:38:38.205348Z","level":"error","event":"Process timed out, PID: 254","logger":"airflow.dag_processing.importers.python_importer","filename":"python_importer.py","lineno":62}
{"timestamp":"2026-07-03T14:38:38.210907Z","level":"error","event":"Failed to import: /opt/airflow/dags/fraud_retraining_dag.py","logger":"airflow.dag_processing.importers.python_importer","filename":"python_importer.py","lineno":244,"error_detail":[{"exc_type":"AirflowTaskTimeout","exc_value":"DagBag import timeout for /opt/airflow/dags/fraud_retraining_dag.py after 30.0s.\nPlease take a look at these docs to improve your DAG import time:\n* https://airflow.apache.org/docs/apache-airflow/3.2.2/best-practices.html#top-level-python-code\n* https://airflow.apache.org/docs/apache-airflow/3.2.2/best-practices.html#reducing-dag-complexity, PID: 254","exc_notes":[],"syntax_error":null,"is_cause":false,"frames":[{"filename":"/home/airflow/.local/lib/python3.12/site-packages/airflow/dag_processing/importers/python_importer.py","lineno":238,"name":"parse"},{"filename":"<frozen importlib._bootstrap_external>","lineno":999,"name":"exec_module"},{"filename":"<frozen importlib._bootstrap>","lineno":488,"name":"_call_with_frames_removed"},{"filename":"/opt/airflow/dags/fraud_retraining_dag.py","lineno":12,"name":"<module>"},{"filename":"/opt/airflow/ml/training/train_final_model.py","lineno":5,"name":"<module>"},{"filename":"/home/airflow/.local/lib/python3.12/site-packages/lightgbm/__init__.py","lineno":16,"name":"<module>"},{"filename":"/home/airflow/.local/lib/python3.12/site-packages/lightgbm/sklearn.py","lineno":1314,"name":"<module>"},{"filename":"/home/airflow/.local/lib/python3.12/site-packages/sklearn/utils/_metadata_requests.py","lineno":1443,"name":"__init_subclass__"},{"filename":"/home/airflow/.local/lib/python3.12/site-packages/sklearn/utils/_metadata_requests.py","lineno":1458,"name":"_get_class_level_metadata_request_values"},{"filename":"/home/airflow/.local/lib/python3.12/site-packages/airflow/dag_processing/importers/python_importer.py","lineno":65,"name":"handle_timeout"}],"is_group":false,"exceptions":[]}]}
{"timestamp":"2026-07-03T14:38:38.287919Z","level":"error","event":"Error loading DAG from fraud_retraining_dag.py: DagBag import timeout for /opt/airflow/dags/fraud_retraining_dag.py after 30.0s.\nPlease take a look at these docs to improve your DAG import time:\n* https://airflow.apache.org/docs/apache-airflow/3.2.2/best-practices.html#top-level-python-code\n* https://airflow.apache.org/docs/apache-airflow/3.2.2/best-practices.html#reducing-dag-complexity, PID: 254","logger":"airflow.dag_processing.dagbag.BundleDagBag","filename":"dagbag.py","lineno":327}
{"timestamp":"2026-07-03T14:39:09.969249Z","level":"info","event":"Filling up the DagBag from /opt/airflow/dags/fraud_retraining_dag.py","logger":"airflow.dag_processing.dagbag.BundleDagBag","filename":"dagbag.py","lineno":469}
{"timestamp":"2026-07-03T14:39:28.842637Z","level":"info","event":"Connecting to: fraud-postgres 5432","logger":"dag_processor.stdout"}
{"timestamp":"2026-07-03T14:40:04.290824Z","level":"info","event":"Filling up the DagBag from /opt/airflow/dags/fraud_retraining_dag.py","logger":"airflow.dag_processing.dagbag.BundleDagBag","filename":"dagbag.py","lineno":469}
{"timestamp":"2026-07-03T14:40:29.273723Z","level":"info","event":"Connecting to: fraud-postgres 5432","logger":"dag_processor.stdout"}
{"timestamp":"2026-07-03T14:40:35.094883Z","level":"error","event":"Process timed out, PID: 274","logger":"airflow.dag_processing.importers.python_importer","filename":"python_importer.py","lineno":62}
{"timestamp":"2026-07-03T14:40:35.431753Z","level":"error","event":"Failed to import: /opt/airflow/dags/fraud_retraining_dag.py","logger":"airflow.dag_processing.importers.python_importer","filename":"python_importer.py","lineno":244,"error_detail":[{"exc_type":"AirflowTaskTimeout","exc_value":"DagBag import timeout for /opt/airflow/dags/fraud_retraining_dag.py after 30.0s.\nPlease take a look at these docs to improve your DAG import time:\n* https://airflow.apache.org/docs/apache-airflow/3.2.2/best-practices.html#top-level-python-code\n* https://airflow.apache.org/docs/apache-airflow/3.2.2/best-practices.html#reducing-dag-complexity, PID: 274","exc_notes":[],"syntax_error":null,"is_cause":false,"frames":[{"filename":"/home/airflow/.local/lib/python3.12/site-packages/airflow/dag_processing/importers/python_importer.py","lineno":238,"name":"parse"},{"filename":"<frozen importlib._bootstrap_external>","lineno":999,"name":"exec_module"},{"filename":"<frozen importlib._bootstrap>","lineno":488,"name":"_call_with_frames_removed"},{"filename":"/opt/airflow/dags/fraud_retraining_dag.py","lineno":12,"name":"<module>"},{"filename":"/opt/airflow/ml/training/train_final_model.py","lineno":12,"name":"<module>"},{"filename":"<frozen importlib._bootstrap>","lineno":1360,"name":"_find_and_load"},{"filename":"<frozen importlib._bootstrap>","lineno":1331,"name":"_find_and_load_unlocked"},{"filename":"<frozen importlib._bootstrap>","lineno":935,"name":"_load_unlocked"},{"filename":"<frozen importlib._bootstrap_external>","lineno":995,"name":"exec_module"},{"filename":"<frozen importlib._bootstrap_external>","lineno":1091,"name":"get_code"},{"filename":"<frozen importlib._bootstrap_external>","lineno":1191,"name":"get_data"},{"filename":"/home/airflow/.local/lib/python3.12/site-packages/airflow/dag_processing/importers/python_importer.py","lineno":65,"name":"handle_timeout"}],"is_group":false,"exceptions":[]}]}
{"timestamp":"2026-07-03T14:40:35.626714Z","level":"error","event":"Error loading DAG from fraud_retraining_dag.py: DagBag import timeout for /opt/airflow/dags/fraud_retraining_dag.py after 30.0s.\nPlease take a look at these docs to improve your DAG import time:\n* https://airflow.apache.org/docs/apache-airflow/3.2.2/best-practices.html#top-level-python-code\n* https://airflow.apache.org/docs/apache-airflow/3.2.2/best-practices.html#reducing-dag-complexity, PID: 274","logger":"airflow.dag_processing.dagbag.BundleDagBag","filename":"dagbag.py","lineno":327}
{"timestamp":"2026-07-03T14:41:06.660887Z","level":"info","event":"Filling up the DagBag from /opt/airflow/dags/fraud_retraining_dag.py","logger":"airflow.dag_processing.dagbag.BundleDagBag","filename":"dagbag.py","lineno":469}
{"timestamp":"2026-07-03T14:41:29.895384Z","level":"info","event":"Connecting to: fraud-postgres 5432","logger":"dag_processor.stdout"}
{"timestamp":"2026-07-03T14:42:06.808517Z","level":"info","event":"Filling up the DagBag from /opt/airflow/dags/fraud_retraining_dag.py","logger":"airflow.dag_processing.dagbag.BundleDagBag","filename":"dagbag.py","lineno":469}
{"timestamp":"2026-07-03T14:42:25.086650Z","level":"info","event":"Connecting to: fraud-postgres 5432","logger":"dag_processor.stdout"}
{"timestamp":"2026-07-03T14:43:01.734301Z","level":"info","event":"Filling up the DagBag from /opt/airflow/dags/fraud_retraining_dag.py","logger":"airflow.dag_processing.dagbag.BundleDagBag","filename":"dagbag.py","lineno":469}
{"timestamp":"2026-07-03T14:43:27.656512Z","level":"info","event":"Connecting to: fraud-postgres 5432","logger":"dag_processor.stdout"}
{"timestamp":"2026-07-03T14:44:01.544938Z","level":"info","event":"Filling up the DagBag from /opt/airflow/dags/fraud_retraining_dag.py","logger":"airflow.dag_processing.dagbag.BundleDagBag","filename":"dagbag.py","lineno":469}
{"timestamp":"2026-07-03T14:44:19.724722Z","level":"info","event":"Connecting to: fraud-postgres 5432","logger":"dag_processor.stdout"}
{"timestamp":"2026-07-03T14:44:53.617875Z","level":"info","event":"Filling up the DagBag from /opt/airflow/dags/fraud_retraining_dag.py","logger":"airflow.dag_processing.dagbag.BundleDagBag","filename":"dagbag.py","lineno":469}
{"timestamp":"2026-07-03T14:45:10.015279Z","level":"info","event":"Connecting to: fraud-postgres 5432","logger":"dag_processor.stdout"}
{"timestamp":"2026-07-03T14:45:42.658074Z","level":"info","event":"Filling up the DagBag from /opt/airflow/dags/fraud_retraining_dag.py","logger":"airflow.dag_processing.dagbag.BundleDagBag","filename":"dagbag.py","lineno":469}
{"timestamp":"2026-07-03T14:46:00.964080Z","level":"info","event":"Connecting to: fraud-postgres 5432","logger":"dag_processor.stdout"}
{"timestamp":"2026-07-03T14:46:34.596351Z","level":"info","event":"Filling up the DagBag from /opt/airflow/dags/fraud_retraining_dag.py","logger":"airflow.dag_processing.dagbag.BundleDagBag","filename":"dagbag.py","lineno":469}
{"timestamp":"2026-07-03T14:46:53.524849Z","level":"info","event":"Connecting to: fraud-postgres 5432","logger":"dag_processor.stdout"}
{"timestamp":"2026-07-03T14:47:26.681020Z","level":"info","event":"Filling up the DagBag from /opt/airflow/dags/fraud_retraining_dag.py","logger":"airflow.dag_processing.dagbag.BundleDagBag","filename":"dagbag.py","lineno":469}
{"timestamp":"2026-07-03T14:47:43.730225Z","level":"info","event":"Connecting to: fraud-postgres 5432","logger":"dag_processor.stdout"}
{"timestamp":"2026-07-03T14:48:17.186166Z","level":"info","event":"Filling up the DagBag from /opt/airflow/dags/fraud_retraining_dag.py","logger":"airflow.dag_processing.dagbag.BundleDagBag","filename":"dagbag.py","lineno":469}
{"timestamp":"2026-07-03T14:48:36.331684Z","level":"info","event":"Connecting to: fraud-postgres 5432","logger":"dag_processor.stdout"}
{"timestamp":"2026-07-03T14:49:10.437140Z","level":"info","event":"Filling up the DagBag from /opt/airflow/dags/fraud_retraining_dag.py","logger":"airflow.dag_processing.dagbag.BundleDagBag","filename":"dagbag.py","lineno":469}
{"timestamp":"2026-07-03T14:49:34.313671Z","level":"info","event":"Connecting to: fraud-postgres 5432","logger":"dag_processor.stdout"}
{"timestamp":"2026-07-03T14:50:10.774572Z","level":"info","event":"Filling up the DagBag from /opt/airflow/dags/fraud_retraining_dag.py","logger":"airflow.dag_processing.dagbag.BundleDagBag","filename":"dagbag.py","lineno":469}
{"timestamp":"2026-07-03T14:50:31.114914Z","level":"info","event":"Connecting to: fraud-postgres 5432","logger":"dag_processor.stdout"}
{"timestamp":"2026-07-03T14:51:03.413238Z","level":"info","event":"Filling up the DagBag from /opt/airflow/dags/fraud_retraining_dag.py","logger":"airflow.dag_processing.dagbag.BundleDagBag","filename":"dagbag.py","lineno":469}
{"timestamp":"2026-07-03T14:51:19.363244Z","level":"info","event":"Connecting to: fraud-postgres 5432","logger":"dag_processor.stdout"}
{"timestamp":"2026-07-03T14:51:53.327133Z","level":"info","event":"Filling up the DagBag from /opt/airflow/dags/fraud_retraining_dag.py","logger":"airflow.dag_processing.dagbag.BundleDagBag","filename":"dagbag.py","lineno":469}
{"timestamp":"2026-07-03T14:52:05.945588Z","level":"info","event":"Connecting to: fraud-postgres 5432","logger":"dag_processor.stdout"}
{"timestamp":"2026-07-03T14:52:38.312131Z","level":"info","event":"Filling up the DagBag from /opt/airflow/dags/fraud_retraining_dag.py","logger":"airflow.dag_processing.dagbag.BundleDagBag","filename":"dagbag.py","lineno":469}
{"timestamp":"2026-07-03T14:52:51.120081Z","level":"info","event":"Connecting to: fraud-postgres 5432","logger":"dag_processor.stdout"}
{"timestamp":"2026-07-03T14:53:01.748082Z","level":"info","event":"Filling up the DagBag from /opt/airflow/dags/fraud_retraining_dag.py","logger":"airflow.dag_processing.dagbag.BundleDagBag","filename":"dagbag.py","lineno":469}
{"timestamp":"2026-07-03T14:53:15.730066Z","level":"info","event":"Connecting to: fraud-postgres 5432","logger":"dag_processor.stdout"}
{"timestamp":"2026-07-03T14:53:47.934043Z","level":"info","event":"Filling up the DagBag from /opt/airflow/dags/fraud_retraining_dag.py","logger":"airflow.dag_processing.dagbag.BundleDagBag","filename":"dagbag.py","lineno":469}
{"timestamp":"2026-07-03T14:54:03.407664Z","level":"info","event":"Connecting to: fraud-postgres 5432","logger":"dag_processor.stdout"}
{"timestamp":"2026-07-03T14:54:37.206740Z","level":"info","event":"Filling up the DagBag from /opt/airflow/dags/fraud_retraining_dag.py","logger":"airflow.dag_processing.dagbag.BundleDagBag","filename":"dagbag.py","lineno":469}
{"timestamp":"2026-07-03T14:54:51.911102Z","level":"info","event":"Connecting to: fraud-postgres 5432","logger":"dag_processor.stdout"}
{"timestamp":"2026-07-03T14:55:24.728257Z","level":"info","event":"Filling up the DagBag from /opt/airflow/dags/fraud_retraining_dag.py","logger":"airflow.dag_processing.dagbag.BundleDagBag","filename":"dagbag.py","lineno":469}
{"timestamp":"2026-07-03T14:55:42.302020Z","level":"info","event":"Connecting to: fraud-postgres 5432","logger":"dag_processor.stdout"}
{"timestamp":"2026-07-03T14:56:14.711306Z","level":"info","event":"Filling up the DagBag from /opt/airflow/dags/fraud_retraining_dag.py","logger":"airflow.dag_processing.dagbag.BundleDagBag","filename":"dagbag.py","lineno":469}
{"timestamp":"2026-07-03T14:56:25.869774Z","level":"info","event":"Connecting to: fraud-postgres 5432","logger":"dag_processor.stdout"}
{"timestamp":"2026-07-03T14:56:57.638918Z","level":"info","event":"Filling up the DagBag from /opt/airflow/dags/fraud_retraining_dag.py","logger":"airflow.dag_processing.dagbag.BundleDagBag","filename":"dagbag.py","lineno":469}
{"timestamp":"2026-07-03T14:57:09.552540Z","level":"info","event":"Connecting to: fraud-postgres 5432","logger":"dag_processor.stdout"}
{"timestamp":"2026-07-03T14:57:42.140066Z","level":"info","event":"Filling up the DagBag from /opt/airflow/dags/fraud_retraining_dag.py","logger":"airflow.dag_processing.dagbag.BundleDagBag","filename":"dagbag.py","lineno":469}
{"timestamp":"2026-07-03T14:57:58.891716Z","level":"info","event":"Connecting to: fraud-postgres 5432","logger":"dag_processor.stdout"}
{"timestamp":"2026-07-03T14:58:30.959832Z","level":"info","event":"Filling up the DagBag from /opt/airflow/dags/fraud_retraining_dag.py","logger":"airflow.dag_processing.dagbag.BundleDagBag","filename":"dagbag.py","lineno":469}
{"timestamp":"2026-07-03T14:58:40.717377Z","level":"info","event":"Connecting to: fraud-postgres 5432","logger":"dag_processor.stdout"}
{"timestamp":"2026-07-03T14:59:13.782639Z","level":"info","event":"Filling up the DagBag from /opt/airflow/dags/fraud_retraining_dag.py","logger":"airflow.dag_processing.dagbag.BundleDagBag","filename":"dagbag.py","lineno":469}
{"timestamp":"2026-07-03T14:59:21.938970Z","level":"info","event":"Connecting to: fraud-postgres 5432","logger":"dag_processor.stdout"}
{"timestamp":"2026-07-03T14:59:53.797378Z","level":"info","event":"Filling up the DagBag from /opt/airflow/dags/fraud_retraining_dag.py","logger":"airflow.dag_processing.dagbag.BundleDagBag","filename":"dagbag.py","lineno":469}
{"timestamp":"2026-07-03T15:00:03.834830Z","level":"info","event":"Connecting to: fraud-postgres 5432","logger":"dag_processor.stdout"}
{"timestamp":"2026-07-03T15:00:36.041882Z","level":"info","event":"Filling up the DagBag from /opt/airflow/dags/fraud_retraining_dag.py","logger":"airflow.dag_processing.dagbag.BundleDagBag","filename":"dagbag.py","lineno":469}
{"timestamp":"2026-07-03T15:00:46.344015Z","level":"info","event":"Connecting to: fraud-postgres 5432","logger":"dag_processor.stdout"}
{"timestamp":"2026-07-03T15:01:18.035065Z","level":"info","event":"Filling up the DagBag from /opt/airflow/dags/fraud_retraining_dag.py","logger":"airflow.dag_processing.dagbag.BundleDagBag","filename":"dagbag.py","lineno":469}
{"timestamp":"2026-07-03T15:01:27.222185Z","level":"info","event":"Connecting to: fraud-postgres 5432","logger":"dag_processor.stdout"}
{"timestamp":"2026-07-03T15:01:58.688071Z","level":"info","event":"Filling up the DagBag from /opt/airflow/dags/fraud_retraining_dag.py","logger":"airflow.dag_processing.dagbag.BundleDagBag","filename":"dagbag.py","lineno":469}
{"timestamp":"2026-07-03T15:02:09.666456Z","level":"info","event":"Connecting to: fraud-postgres 5432","logger":"dag_processor.stdout"}
{"timestamp":"2026-07-03T15:02:42.008938Z","level":"info","event":"Filling up the DagBag from /opt/airflow/dags/fraud_retraining_dag.py","logger":"airflow.dag_processing.dagbag.BundleDagBag","filename":"dagbag.py","lineno":469}
{"timestamp":"2026-07-03T15:02:52.057674Z","level":"info","event":"Connecting to: fraud-postgres 5432","logger":"dag_processor.stdout"}
{"timestamp":"2026-07-03T15:03:23.908697Z","level":"info","event":"Filling up the DagBag from /opt/airflow/dags/fraud_retraining_dag.py","logger":"airflow.dag_processing.dagbag.BundleDagBag","filename":"dagbag.py","lineno":469}
{"timestamp":"2026-07-03T15:03:32.279883Z","level":"info","event":"Connecting to: fraud-postgres 5432","logger":"dag_processor.stdout"}
{"timestamp":"2026-07-03T15:04:05.423616Z","level":"info","event":"Filling up the DagBag from /opt/airflow/dags/fraud_retraining_dag.py","logger":"airflow.dag_processing.dagbag.BundleDagBag","filename":"dagbag.py","lineno":469}
{"timestamp":"2026-07-03T15:04:14.443621Z","level":"info","event":"Connecting to: fraud-postgres 5432","logger":"dag_processor.stdout"}
{"timestamp":"2026-07-03T15:04:46.182849Z","level":"info","event":"Filling up the DagBag from /opt/airflow/dags/fraud_retraining_dag.py","logger":"airflow.dag_processing.dagbag.BundleDagBag","filename":"dagbag.py","lineno":469}
{"timestamp":"2026-07-03T15:04:55.168458Z","level":"info","event":"Connecting to: fraud-postgres 5432","logger":"dag_processor.stdout"}
{"timestamp":"2026-07-03T15:05:26.868560Z","level":"info","event":"Filling up the DagBag from /opt/airflow/dags/fraud_retraining_dag.py","logger":"airflow.dag_processing.dagbag.BundleDagBag","filename":"dagbag.py","lineno":469}
{"timestamp":"2026-07-03T15:05:35.951439Z","level":"info","event":"Connecting to: fraud-postgres 5432","logger":"dag_processor.stdout"}
{"timestamp":"2026-07-03T15:06:07.139896Z","level":"info","event":"Filling up the DagBag from /opt/airflow/dags/fraud_retraining_dag.py","logger":"airflow.dag_processing.dagbag.BundleDagBag","filename":"dagbag.py","lineno":469}
{"timestamp":"2026-07-03T15:06:16.054317Z","level":"info","event":"Connecting to: fraud-postgres 5432","logger":"dag_processor.stdout"}
{"timestamp":"2026-07-03T15:06:47.937274Z","level":"info","event":"Filling up the DagBag from /opt/airflow/dags/fraud_retraining_dag.py","logger":"airflow.dag_processing.dagbag.BundleDagBag","filename":"dagbag.py","lineno":469}
{"timestamp":"2026-07-03T15:06:57.274109Z","level":"info","event":"Connecting to: fraud-postgres 5432","logger":"dag_processor.stdout"}
{"timestamp":"2026-07-03T15:07:28.917059Z","level":"info","event":"Filling up the DagBag from /opt/airflow/dags/fraud_retraining_dag.py","logger":"airflow.dag_processing.dagbag.BundleDagBag","filename":"dagbag.py","lineno":469}
{"timestamp":"2026-07-03T15:07:38.246840Z","level":"info","event":"Connecting to: fraud-postgres 5432","logger":"dag_processor.stdout"}
{"timestamp":"2026-07-03T15:08:09.875079Z","level":"info","event":"Filling up the DagBag from /opt/airflow/dags/fraud_retraining_dag.py","logger":"airflow.dag_processing.dagbag.BundleDagBag","filename":"dagbag.py","lineno":469}
{"timestamp":"2026-07-03T15:08:18.968297Z","level":"info","event":"Connecting to: fraud-postgres 5432","logger":"dag_processor.stdout"}
{"timestamp":"2026-07-03T15:08:50.922217Z","level":"info","event":"Filling up the DagBag from /opt/airflow/dags/fraud_retraining_dag.py","logger":"airflow.dag_processing.dagbag.BundleDagBag","filename":"dagbag.py","lineno":469}
{"timestamp":"2026-07-03T15:08:59.342932Z","level":"info","event":"Connecting to: fraud-postgres 5432","logger":"dag_processor.stdout"}
{"timestamp":"2026-07-03T15:09:31.440698Z","level":"info","event":"Filling up the DagBag from /opt/airflow/dags/fraud_retraining_dag.py","logger":"airflow.dag_processing.dagbag.BundleDagBag","filename":"dagbag.py","lineno":469}
{"timestamp":"2026-07-03T15:09:39.470074Z","level":"info","event":"Connecting to: fraud-postgres 5432","logger":"dag_processor.stdout"}
{"timestamp":"2026-07-03T15:10:11.229879Z","level":"info","event":"Filling up the DagBag from /opt/airflow/dags/fraud_retraining_dag.py","logger":"airflow.dag_processing.dagbag.BundleDagBag","filename":"dagbag.py","lineno":469}
{"timestamp":"2026-07-03T15:10:19.815667Z","level":"info","event":"Connecting to: fraud-postgres 5432","logger":"dag_processor.stdout"}
{"timestamp":"2026-07-03T15:10:51.936202Z","level":"info","event":"Filling up the DagBag from /opt/airflow/dags/fraud_retraining_dag.py","logger":"airflow.dag_processing.dagbag.BundleDagBag","filename":"dagbag.py","lineno":469}
{"timestamp":"2026-07-03T15:11:01.150611Z","level":"info","event":"Connecting to: fraud-postgres 5432","logger":"dag_processor.stdout"}
{"timestamp":"2026-07-03T15:11:33.267790Z","level":"info","event":"Filling up the DagBag from /opt/airflow/dags/fraud_retraining_dag.py","logger":"airflow.dag_processing.dagbag.BundleDagBag","filename":"dagbag.py","lineno":469}
{"timestamp":"2026-07-03T15:11:41.773540Z","level":"info","event":"Connecting to: fraud-postgres 5432","logger":"dag_processor.stdout"}
{"timestamp":"2026-07-03T15:12:13.669557Z","level":"info","event":"Filling up the DagBag from /opt/airflow/dags/fraud_retraining_dag.py","logger":"airflow.dag_processing.dagbag.BundleDagBag","filename":"dagbag.py","lineno":469}
{"timestamp":"2026-07-03T15:12:22.777014Z","level":"info","event":"Connecting to: fraud-postgres 5432","logger":"dag_processor.stdout"}
{"timestamp":"2026-07-03T15:12:55.167065Z","level":"info","event":"Filling up the DagBag from /opt/airflow/dags/fraud_retraining_dag.py","logger":"airflow.dag_processing.dagbag.BundleDagBag","filename":"dagbag.py","lineno":469}
{"timestamp":"2026-07-03T15:13:04.362815Z","level":"info","event":"Connecting to: fraud-postgres 5432","logger":"dag_processor.stdout"}
{"timestamp":"2026-07-03T15:13:36.139420Z","level":"info","event":"Filling up the DagBag from /opt/airflow/dags/fraud_retraining_dag.py","logger":"airflow.dag_processing.dagbag.BundleDagBag","filename":"dagbag.py","lineno":469}
{"timestamp":"2026-07-03T15:13:45.358528Z","level":"info","event":"Connecting to: fraud-postgres 5432","logger":"dag_processor.stdout"}
{"timestamp":"2026-07-03T15:14:16.789290Z","level":"info","event":"Filling up the DagBag from /opt/airflow/dags/fraud_retraining_dag.py","logger":"airflow.dag_processing.dagbag.BundleDagBag","filename":"dagbag.py","lineno":469}
{"timestamp":"2026-07-03T15:14:25.512727Z","level":"info","event":"Connecting to: fraud-postgres 5432","logger":"dag_processor.stdout"}
{"timestamp":"2026-07-03T15:14:56.699339Z","level":"info","event":"Filling up the DagBag from /opt/airflow/dags/fraud_retraining_dag.py","logger":"airflow.dag_processing.dagbag.BundleDagBag","filename":"dagbag.py","lineno":469}
{"timestamp":"2026-07-03T15:15:05.287342Z","level":"info","event":"Connecting to: fraud-postgres 5432","logger":"dag_processor.stdout"}
{"timestamp":"2026-07-03T15:15:36.646105Z","level":"info","event":"Filling up the DagBag from /opt/airflow/dags/fraud_retraining_dag.py","logger":"airflow.dag_processing.dagbag.BundleDagBag","filename":"dagbag.py","lineno":469}
{"timestamp":"2026-07-03T15:15:46.849268Z","level":"info","event":"Connecting to: fraud-postgres 5432","logger":"dag_processor.stdout"}
{"timestamp":"2026-07-03T15:16:19.394613Z","level":"info","event":"Filling up the DagBag from /opt/airflow/dags/fraud_retraining_dag.py","logger":"airflow.dag_processing.dagbag.BundleDagBag","filename":"dagbag.py","lineno":469}
{"timestamp":"2026-07-03T15:16:28.909374Z","level":"info","event":"Connecting to: fraud-postgres 5432","logger":"dag_processor.stdout"}
{"timestamp":"2026-07-03T15:17:00.684202Z","level":"info","event":"Filling up the DagBag from /opt/airflow/dags/fraud_retraining_dag.py","logger":"airflow.dag_processing.dagbag.BundleDagBag","filename":"dagbag.py","lineno":469}
{"timestamp":"2026-07-03T15:17:09.088450Z","level":"info","event":"Connecting to: fraud-postgres 5432","logger":"dag_processor.stdout"}
{"timestamp":"2026-07-03T15:17:41.570035Z","level":"info","event":"Filling up the DagBag from /opt/airflow/dags/fraud_retraining_dag.py","logger":"airflow.dag_processing.dagbag.BundleDagBag","filename":"dagbag.py","lineno":469}
{"timestamp":"2026-07-03T15:17:50.917429Z","level":"info","event":"Connecting to: fraud-postgres 5432","logger":"dag_processor.stdout"}
{"timestamp":"2026-07-03T15:18:22.785236Z","level":"info","event":"Filling up the DagBag from /opt/airflow/dags/fraud_retraining_dag.py","logger":"airflow.dag_processing.dagbag.BundleDagBag","filename":"dagbag.py","lineno":469}
{"timestamp":"2026-07-03T15:18:32.511198Z","level":"info","event":"Connecting to: fraud-postgres 5432","logger":"dag_processor.stdout"}
{"timestamp":"2026-07-03T15:19:05.731000Z","level":"info","event":"Filling up the DagBag from /opt/airflow/dags/fraud_retraining_dag.py","logger":"airflow.dag_processing.dagbag.BundleDagBag","filename":"dagbag.py","lineno":469}
{"timestamp":"2026-07-03T15:19:15.085490Z","level":"info","event":"Connecting to: fraud-postgres 5432","logger":"dag_processor.stdout"}
{"timestamp":"2026-07-03T15:19:46.772003Z","level":"info","event":"Filling up the DagBag from /opt/airflow/dags/fraud_retraining_dag.py","logger":"airflow.dag_processing.dagbag.BundleDagBag","filename":"dagbag.py","lineno":469}
{"timestamp":"2026-07-03T15:19:55.256865Z","level":"info","event":"Connecting to: fraud-postgres 5432","logger":"dag_processor.stdout"}
{"timestamp":"2026-07-03T15:20:26.653624Z","level":"info","event":"Filling up the DagBag from /opt/airflow/dags/fraud_retraining_dag.py","logger":"airflow.dag_processing.dagbag.BundleDagBag","filename":"dagbag.py","lineno":469}
{"timestamp":"2026-07-03T15:20:35.565220Z","level":"info","event":"Connecting to: fraud-postgres 5432","logger":"dag_processor.stdout"}
{"timestamp":"2026-07-03T15:21:07.215975Z","level":"info","event":"Filling up the DagBag from /opt/airflow/dags/fraud_retraining_dag.py","logger":"airflow.dag_processing.dagbag.BundleDagBag","filename":"dagbag.py","lineno":469}
{"timestamp":"2026-07-03T15:21:15.889119Z","level":"info","event":"Connecting to: fraud-postgres 5432","logger":"dag_processor.stdout"}
{"timestamp":"2026-07-03T15:21:47.623514Z","level":"info","event":"Filling up the DagBag from /opt/airflow/dags/fraud_retraining_dag.py","logger":"airflow.dag_processing.dagbag.BundleDagBag","filename":"dagbag.py","lineno":469}
{"timestamp":"2026-07-03T15:21:57.200238Z","level":"info","event":"Connecting to: fraud-postgres 5432","logger":"dag_processor.stdout"}
{"timestamp":"2026-07-03T15:22:28.329784Z","level":"info","event":"Filling up the DagBag from /opt/airflow/dags/fraud_retraining_dag.py","logger":"airflow.dag_processing.dagbag.BundleDagBag","filename":"dagbag.py","lineno":469}
{"timestamp":"2026-07-03T15:22:36.549012Z","level":"info","event":"Connecting to: fraud-postgres 5432","logger":"dag_processor.stdout"}
{"timestamp":"2026-07-03T15:23:08.123035Z","level":"info","event":"Filling up the DagBag from /opt/airflow/dags/fraud_retraining_dag.py","logger":"airflow.dag_processing.dagbag.BundleDagBag","filename":"dagbag.py","lineno":469}
{"timestamp":"2026-07-03T15:23:16.730694Z","level":"info","event":"Connecting to: fraud-postgres 5432","logger":"dag_processor.stdout"}
{"timestamp":"2026-07-03T15:23:48.058754Z","level":"info","event":"Filling up the DagBag from /opt/airflow/dags/fraud_retraining_dag.py","logger":"airflow.dag_processing.dagbag.BundleDagBag","filename":"dagbag.py","lineno":469}
{"timestamp":"2026-07-03T15:23:56.456408Z","level":"info","event":"Connecting to: fraud-postgres 5432","logger":"dag_processor.stdout"}
{"timestamp":"2026-07-03T15:24:28.203572Z","level":"info","event":"Filling up the DagBag from /opt/airflow/dags/fraud_retraining_dag.py","logger":"airflow.dag_processing.dagbag.BundleDagBag","filename":"dagbag.py","lineno":469}
{"timestamp":"2026-07-03T15:24:36.684945Z","level":"info","event":"Connecting to: fraud-postgres 5432","logger":"dag_processor.stdout"}
{"timestamp":"2026-07-03T15:25:08.733986Z","level":"info","event":"Filling up the DagBag from /opt/airflow/dags/fraud_retraining_dag.py","logger":"airflow.dag_processing.dagbag.BundleDagBag","filename":"dagbag.py","lineno":469}
{"timestamp":"2026-07-03T15:25:18.054888Z","level":"info","event":"Connecting to: fraud-postgres 5432","logger":"dag_processor.stdout"}
{"timestamp":"2026-07-03T15:25:49.651189Z","level":"info","event":"Filling up the DagBag from /opt/airflow/dags/fraud_retraining_dag.py","logger":"airflow.dag_processing.dagbag.BundleDagBag","filename":"dagbag.py","lineno":469}
{"timestamp":"2026-07-03T15:25:58.127048Z","level":"info","event":"Connecting to: fraud-postgres 5432","logger":"dag_processor.stdout"}
{"timestamp":"2026-07-03T15:26:29.707525Z","level":"info","event":"Filling up the DagBag from /opt/airflow/dags/fraud_retraining_dag.py","logger":"airflow.dag_processing.dagbag.BundleDagBag","filename":"dagbag.py","lineno":469}
{"timestamp":"2026-07-03T15:26:38.505882Z","level":"info","event":"Connecting to: fraud-postgres 5432","logger":"dag_processor.stdout"}
{"timestamp":"2026-07-03T15:27:11.321040Z","level":"info","event":"Filling up the DagBag from /opt/airflow/dags/fraud_retraining_dag.py","logger":"airflow.dag_processing.dagbag.BundleDagBag","filename":"dagbag.py","lineno":469}
{"timestamp":"2026-07-03T15:27:21.292663Z","level":"info","event":"Connecting to: fraud-postgres 5432","logger":"dag_processor.stdout"}
{"timestamp":"2026-07-03T15:27:53.144695Z","level":"info","event":"Filling up the DagBag from /opt/airflow/dags/fraud_retraining_dag.py","logger":"airflow.dag_processing.dagbag.BundleDagBag","filename":"dagbag.py","lineno":469}
{"timestamp":"2026-07-03T15:28:02.918288Z","level":"info","event":"Connecting to: fraud-postgres 5432","logger":"dag_processor.stdout"}
{"timestamp":"2026-07-03T15:28:34.521423Z","level":"info","event":"Filling up the DagBag from /opt/airflow/dags/fraud_retraining_dag.py","logger":"airflow.dag_processing.dagbag.BundleDagBag","filename":"dagbag.py","lineno":469}
{"timestamp":"2026-07-03T15:28:42.971016Z","level":"info","event":"Connecting to: fraud-postgres 5432","logger":"dag_processor.stdout"}
{"timestamp":"2026-07-03T15:29:14.730221Z","level":"info","event":"Filling up the DagBag from /opt/airflow/dags/fraud_retraining_dag.py","logger":"airflow.dag_processing.dagbag.BundleDagBag","filename":"dagbag.py","lineno":469}
{"timestamp":"2026-07-03T15:29:23.332636Z","level":"info","event":"Connecting to: fraud-postgres 5432","logger":"dag_processor.stdout"}
{"timestamp":"2026-07-03T15:29:55.116397Z","level":"info","event":"Filling up the DagBag from /opt/airflow/dags/fraud_retraining_dag.py","logger":"airflow.dag_processing.dagbag.BundleDagBag","filename":"dagbag.py","lineno":469}
{"timestamp":"2026-07-03T15:30:03.319167Z","level":"info","event":"Connecting to: fraud-postgres 5432","logger":"dag_processor.stdout"}
{"timestamp":"2026-07-03T15:30:35.312865Z","level":"info","event":"Filling up the DagBag from /opt/airflow/dags/fraud_retraining_dag.py","logger":"airflow.dag_processing.dagbag.BundleDagBag","filename":"dagbag.py","lineno":469}
{"timestamp":"2026-07-03T15:30:43.946156Z","level":"info","event":"Connecting to: fraud-postgres 5432","logger":"dag_processor.stdout"}
{"timestamp":"2026-07-03T15:31:16.094658Z","level":"info","event":"Filling up the DagBag from /opt/airflow/dags/fraud_retraining_dag.py","logger":"airflow.dag_processing.dagbag.BundleDagBag","filename":"dagbag.py","lineno":469}
{"timestamp":"2026-07-03T15:31:24.899961Z","level":"info","event":"Connecting to: fraud-postgres 5432","logger":"dag_processor.stdout"}
{"timestamp":"2026-07-03T15:31:56.192654Z","level":"info","event":"Filling up the DagBag from /opt/airflow/dags/fraud_retraining_dag.py","logger":"airflow.dag_processing.dagbag.BundleDagBag","filename":"dagbag.py","lineno":469}
{"timestamp":"2026-07-03T15:32:06.923049Z","level":"info","event":"Connecting to: fraud-postgres 5432","logger":"dag_processor.stdout"}
{"timestamp":"2026-07-03T15:32:39.388592Z","level":"info","event":"Filling up the DagBag from /opt/airflow/dags/fraud_retraining_dag.py","logger":"airflow.dag_processing.dagbag.BundleDagBag","filename":"dagbag.py","lineno":469}
{"timestamp":"2026-07-03T15:32:50.246782Z","level":"info","event":"Connecting to: fraud-postgres 5432","logger":"dag_processor.stdout"}
{"timestamp":"2026-07-03T15:33:22.332097Z","level":"info","event":"Filling up the DagBag from /opt/airflow/dags/fraud_retraining_dag.py","logger":"airflow.dag_processing.dagbag.BundleDagBag","filename":"dagbag.py","lineno":469}
{"timestamp":"2026-07-03T15:33:33.072315Z","level":"info","event":"Connecting to: fraud-postgres 5432","logger":"dag_processor.stdout"}
{"timestamp":"2026-07-03T15:34:05.415042Z","level":"info","event":"Filling up the DagBag from /opt/airflow/dags/fraud_retraining_dag.py","logger":"airflow.dag_processing.dagbag.BundleDagBag","filename":"dagbag.py","lineno":469}
{"timestamp":"2026-07-03T15:34:13.372054Z","level":"info","event":"Connecting to: fraud-postgres 5432","logger":"dag_processor.stdout"}
{"timestamp":"2026-07-03T15:34:45.296213Z","level":"info","event":"Filling up the DagBag from /opt/airflow/dags/fraud_retraining_dag.py","logger":"airflow.dag_processing.dagbag.BundleDagBag","filename":"dagbag.py","lineno":469}
{"timestamp":"2026-07-03T15:34:54.442208Z","level":"info","event":"Connecting to: fraud-postgres 5432","logger":"dag_processor.stdout"}
{"timestamp":"2026-07-03T15:35:26.630773Z","level":"info","event":"Filling up the DagBag from /opt/airflow/dags/fraud_retraining_dag.py","logger":"airflow.dag_processing.dagbag.BundleDagBag","filename":"dagbag.py","lineno":469}
{"timestamp":"2026-07-03T15:35:37.018567Z","level":"info","event":"Connecting to: fraud-postgres 5432","logger":"dag_processor.stdout"}
{"timestamp":"2026-07-03T15:36:09.459825Z","level":"info","event":"Filling up the DagBag from /opt/airflow/dags/fraud_retraining_dag.py","logger":"airflow.dag_processing.dagbag.BundleDagBag","filename":"dagbag.py","lineno":469}
{"timestamp":"2026-07-03T15:36:19.209592Z","level":"info","event":"Connecting to: fraud-postgres 5432","logger":"dag_processor.stdout"}
{"timestamp":"2026-07-03T15:36:51.491456Z","level":"info","event":"Filling up the DagBag from /opt/airflow/dags/fraud_retraining_dag.py","logger":"airflow.dag_processing.dagbag.BundleDagBag","filename":"dagbag.py","lineno":469}
{"timestamp":"2026-07-03T15:37:03.329231Z","level":"info","event":"Connecting to: fraud-postgres 5432","logger":"dag_processor.stdout"}
{"timestamp":"2026-07-03T15:37:36.957916Z","level":"info","event":"Filling up the DagBag from /opt/airflow/dags/fraud_retraining_dag.py","logger":"airflow.dag_processing.dagbag.BundleDagBag","filename":"dagbag.py","lineno":469}
{"timestamp":"2026-07-03T15:37:47.570158Z","level":"info","event":"Connecting to: fraud-postgres 5432","logger":"dag_processor.stdout"}
{"timestamp":"2026-07-03T15:38:19.830854Z","level":"info","event":"Filling up the DagBag from /opt/airflow/dags/fraud_retraining_dag.py","logger":"airflow.dag_processing.dagbag.BundleDagBag","filename":"dagbag.py","lineno":469}
{"timestamp":"2026-07-03T15:38:30.689595Z","level":"info","event":"Connecting to: fraud-postgres 5432","logger":"dag_processor.stdout"}
{"timestamp":"2026-07-03T15:39:03.900426Z","level":"info","event":"Filling up the DagBag from /opt/airflow/dags/fraud_retraining_dag.py","logger":"airflow.dag_processing.dagbag.BundleDagBag","filename":"dagbag.py","lineno":469}
{"timestamp":"2026-07-03T15:39:13.774651Z","level":"info","event":"Connecting to: fraud-postgres 5432","logger":"dag_processor.stdout"}
{"timestamp":"2026-07-03T15:39:45.700277Z","level":"info","event":"Filling up the DagBag from /opt/airflow/dags/fraud_retraining_dag.py","logger":"airflow.dag_processing.dagbag.BundleDagBag","filename":"dagbag.py","lineno":469}
{"timestamp":"2026-07-03T15:39:55.405043Z","level":"info","event":"Connecting to: fraud-postgres 5432","logger":"dag_processor.stdout"}
{"timestamp":"2026-07-03T15:40:26.854036Z","level":"info","event":"Filling up the DagBag from /opt/airflow/dags/fraud_retraining_dag.py","logger":"airflow.dag_processing.dagbag.BundleDagBag","filename":"dagbag.py","lineno":469}
{"timestamp":"2026-07-03T15:40:37.200789Z","level":"info","event":"Connecting to: fraud-postgres 5432","logger":"dag_processor.stdout"}
{"timestamp":"2026-07-03T15:41:09.546549Z","level":"info","event":"Filling up the DagBag from /opt/airflow/dags/fraud_retraining_dag.py","logger":"airflow.dag_processing.dagbag.BundleDagBag","filename":"dagbag.py","lineno":469}
{"timestamp":"2026-07-03T15:41:19.646933Z","level":"info","event":"Connecting to: fraud-postgres 5432","logger":"dag_processor.stdout"}
{"timestamp":"2026-07-03T15:41:51.233157Z","level":"info","event":"Filling up the DagBag from /opt/airflow/dags/fraud_retraining_dag.py","logger":"airflow.dag_processing.dagbag.BundleDagBag","filename":"dagbag.py","lineno":469}
{"timestamp":"2026-07-03T15:42:00.590227Z","level":"info","event":"Connecting to: fraud-postgres 5432","logger":"dag_processor.stdout"}
{"timestamp":"2026-07-03T15:42:32.200612Z","level":"info","event":"Filling up the DagBag from /opt/airflow/dags/fraud_retraining_dag.py","logger":"airflow.dag_processing.dagbag.BundleDagBag","filename":"dagbag.py","lineno":469}
{"timestamp":"2026-07-03T15:42:43.136009Z","level":"info","event":"Connecting to: fraud-postgres 5432","logger":"dag_processor.stdout"}
{"timestamp":"2026-07-03T15:43:14.803777Z","level":"info","event":"Filling up the DagBag from /opt/airflow/dags/fraud_retraining_dag.py","logger":"airflow.dag_processing.dagbag.BundleDagBag","filename":"dagbag.py","lineno":469}
{"timestamp":"2026-07-03T15:43:24.634817Z","level":"info","event":"Connecting to: fraud-postgres 5432","logger":"dag_processor.stdout"}
{"timestamp":"2026-07-03T15:43:56.869835Z","level":"info","event":"Filling up the DagBag from /opt/airflow/dags/fraud_retraining_dag.py","logger":"airflow.dag_processing.dagbag.BundleDagBag","filename":"dagbag.py","lineno":469}
{"timestamp":"2026-07-03T15:44:08.129365Z","level":"info","event":"Connecting to: fraud-postgres 5432","logger":"dag_processor.stdout"}
{"timestamp":"2026-07-03T15:44:40.555421Z","level":"info","event":"Filling up the DagBag from /opt/airflow/dags/fraud_retraining_dag.py","logger":"airflow.dag_processing.dagbag.BundleDagBag","filename":"dagbag.py","lineno":469}
{"timestamp":"2026-07-03T15:44:50.726642Z","level":"info","event":"Connecting to: fraud-postgres 5432","logger":"dag_processor.stdout"}
{"timestamp":"2026-07-03T15:45:22.844082Z","level":"info","event":"Filling up the DagBag from /opt/airflow/dags/fraud_retraining_dag.py","logger":"airflow.dag_processing.dagbag.BundleDagBag","filename":"dagbag.py","lineno":469}
{"timestamp":"2026-07-03T15:45:32.720728Z","level":"info","event":"Connecting to: fraud-postgres 5432","logger":"dag_processor.stdout"}
{"timestamp":"2026-07-03T15:46:04.584872Z","level":"info","event":"Filling up the DagBag from /opt/airflow/dags/fraud_retraining_dag.py","logger":"airflow.dag_processing.dagbag.BundleDagBag","filename":"dagbag.py","lineno":469}
{"timestamp":"2026-07-03T15:46:14.118346Z","level":"info","event":"Connecting to: fraud-postgres 5432","logger":"dag_processor.stdout"}
{"timestamp":"2026-07-03T15:46:46.251798Z","level":"info","event":"Filling up the DagBag from /opt/airflow/dags/fraud_retraining_dag.py","logger":"airflow.dag_processing.dagbag.BundleDagBag","filename":"dagbag.py","lineno":469}
{"timestamp":"2026-07-03T15:46:57.084264Z","level":"info","event":"Connecting to: fraud-postgres 5432","logger":"dag_processor.stdout"}
{"timestamp":"2026-07-03T15:47:29.047489Z","level":"info","event":"Filling up the DagBag from /opt/airflow/dags/fraud_retraining_dag.py","logger":"airflow.dag_processing.dagbag.BundleDagBag","filename":"dagbag.py","lineno":469}
{"timestamp":"2026-07-03T15:47:39.716023Z","level":"info","event":"Connecting to: fraud-postgres 5432","logger":"dag_processor.stdout"}
{"timestamp":"2026-07-03T15:48:11.765347Z","level":"info","event":"Filling up the DagBag from /opt/airflow/dags/fraud_retraining_dag.py","logger":"airflow.dag_processing.dagbag.BundleDagBag","filename":"dagbag.py","lineno":469}
{"timestamp":"2026-07-03T15:48:23.094894Z","level":"info","event":"Connecting to: fraud-postgres 5432","logger":"dag_processor.stdout"}
{"timestamp":"2026-07-03T15:48:54.762123Z","level":"info","event":"Filling up the DagBag from /opt/airflow/dags/fraud_retraining_dag.py","logger":"airflow.dag_processing.dagbag.BundleDagBag","filename":"dagbag.py","lineno":469}
{"timestamp":"2026-07-03T15:49:10.731672Z","level":"info","event":"Connecting to: fraud-postgres 5432","logger":"dag_processor.stdout"}
{"timestamp":"2026-07-03T15:49:45.105021Z","level":"info","event":"Filling up the DagBag from /opt/airflow/dags/fraud_retraining_dag.py","logger":"airflow.dag_processing.dagbag.BundleDagBag","filename":"dagbag.py","lineno":469}
{"timestamp":"2026-07-03T15:49:59.325390Z","level":"info","event":"Connecting to: fraud-postgres 5432","logger":"dag_processor.stdout"}
{"timestamp":"2026-07-03T15:50:32.664467Z","level":"info","event":"Filling up the DagBag from /opt/airflow/dags/fraud_retraining_dag.py","logger":"airflow.dag_processing.dagbag.BundleDagBag","filename":"dagbag.py","lineno":469}
{"timestamp":"2026-07-03T15:50:51.997138Z","level":"info","event":"Connecting to: fraud-postgres 5432","logger":"dag_processor.stdout"}
{"timestamp":"2026-07-03T15:51:25.879934Z","level":"info","event":"Filling up the DagBag from /opt/airflow/dags/fraud_retraining_dag.py","logger":"airflow.dag_processing.dagbag.BundleDagBag","filename":"dagbag.py","lineno":469}
{"timestamp":"2026-07-03T15:51:42.519576Z","level":"info","event":"Connecting to: fraud-postgres 5432","logger":"dag_processor.stdout"}
{"timestamp":"2026-07-03T15:52:21.468957Z","level":"info","event":"Filling up the DagBag from /opt/airflow/dags/fraud_retraining_dag.py","logger":"airflow.dag_processing.dagbag.BundleDagBag","filename":"dagbag.py","lineno":469}
{"timestamp":"2026-07-03T15:52:42.507550Z","level":"info","event":"Connecting to: fraud-postgres 5432","logger":"dag_processor.stdout"}
{"timestamp":"2026-07-03T15:53:15.669657Z","level":"info","event":"Filling up the DagBag from /opt/airflow/dags/fraud_retraining_dag.py","logger":"airflow.dag_processing.dagbag.BundleDagBag","filename":"dagbag.py","lineno":469}
{"timestamp":"2026-07-03T15:53:28.175511Z","level":"info","event":"Connecting to: fraud-postgres 5432","logger":"dag_processor.stdout"}
{"timestamp":"2026-07-03T15:54:00.663105Z","level":"info","event":"Filling up the DagBag from /opt/airflow/dags/fraud_retraining_dag.py","logger":"airflow.dag_processing.dagbag.BundleDagBag","filename":"dagbag.py","lineno":469}
{"timestamp":"2026-07-03T15:54:12.221653Z","level":"info","event":"Connecting to: fraud-postgres 5432","logger":"dag_processor.stdout"}
{"timestamp":"2026-07-03T15:54:45.443445Z","level":"info","event":"Filling up the DagBag from /opt/airflow/dags/fraud_retraining_dag.py","logger":"airflow.dag_processing.dagbag.BundleDagBag","filename":"dagbag.py","lineno":469}
{"timestamp":"2026-07-03T15:55:07.913526Z","level":"info","event":"Connecting to: fraud-postgres 5432","logger":"dag_processor.stdout"}
{"timestamp":"2026-07-03T15:55:42.605602Z","level":"info","event":"Filling up the DagBag from /opt/airflow/dags/fraud_retraining_dag.py","logger":"airflow.dag_processing.dagbag.BundleDagBag","filename":"dagbag.py","lineno":469}
{"timestamp":"2026-07-03T15:56:00.296943Z","level":"info","event":"Connecting to: fraud-postgres 5432","logger":"dag_processor.stdout"}
{"timestamp":"2026-07-03T15:56:32.761923Z","level":"info","event":"Filling up the DagBag from /opt/airflow/dags/fraud_retraining_dag.py","logger":"airflow.dag_processing.dagbag.BundleDagBag","filename":"dagbag.py","lineno":469}
{"timestamp":"2026-07-03T15:56:43.265450Z","level":"info","event":"Connecting to: fraud-postgres 5432","logger":"dag_processor.stdout"}
{"timestamp":"2026-07-03T15:57:15.137169Z","level":"info","event":"Filling up the DagBag from /opt/airflow/dags/fraud_retraining_dag.py","logger":"airflow.dag_processing.dagbag.BundleDagBag","filename":"dagbag.py","lineno":469}
{"timestamp":"2026-07-03T15:57:24.905825Z","level":"info","event":"Connecting to: fraud-postgres 5432","logger":"dag_processor.stdout"}
{"timestamp":"2026-07-03T15:57:56.696200Z","level":"info","event":"Filling up the DagBag from /opt/airflow/dags/fraud_retraining_dag.py","logger":"airflow.dag_processing.dagbag.BundleDagBag","filename":"dagbag.py","lineno":469}
{"timestamp":"2026-07-03T15:58:07.298073Z","level":"info","event":"Connecting to: fraud-postgres 5432","logger":"dag_processor.stdout"}
{"timestamp":"2026-07-03T15:58:39.421924Z","level":"info","event":"Filling up the DagBag from /opt/airflow/dags/fraud_retraining_dag.py","logger":"airflow.dag_processing.dagbag.BundleDagBag","filename":"dagbag.py","lineno":469}
{"timestamp":"2026-07-03T15:58:43.723727Z","level":"info","event":"Connecting to: fraud-postgres 5432","logger":"dag_processor.stdout"}
{"timestamp":"2026-07-03T15:59:15.170129Z","level":"info","event":"Filling up the DagBag from /opt/airflow/dags/fraud_retraining_dag.py","logger":"airflow.dag_processing.dagbag.BundleDagBag","filename":"dagbag.py","lineno":469}
{"timestamp":"2026-07-03T15:59:18.397729Z","level":"info","event":"Connecting to: fraud-postgres 5432","logger":"dag_processor.stdout"}
{"timestamp":"2026-07-03T15:59:49.157616Z","level":"info","event":"Filling up the DagBag from /opt/airflow/dags/fraud_retraining_dag.py","logger":"airflow.dag_processing.dagbag.BundleDagBag","filename":"dagbag.py","lineno":469}
{"timestamp":"2026-07-03T15:59:52.712293Z","level":"info","event":"Connecting to: fraud-postgres 5432","logger":"dag_processor.stdout"}
{"timestamp":"2026-07-03T16:00:23.862567Z","level":"info","event":"Filling up the DagBag from /opt/airflow/dags/fraud_retraining_dag.py","logger":"airflow.dag_processing.dagbag.BundleDagBag","filename":"dagbag.py","lineno":469}
{"timestamp":"2026-07-03T16:00:27.062283Z","level":"info","event":"Connecting to: fraud-postgres 5432","logger":"dag_processor.stdout"}
{"timestamp":"2026-07-03T16:00:58.897642Z","level":"info","event":"Filling up the DagBag from /opt/airflow/dags/fraud_retraining_dag.py","logger":"airflow.dag_processing.dagbag.BundleDagBag","filename":"dagbag.py","lineno":469}
{"timestamp":"2026-07-03T16:01:02.397447Z","level":"info","event":"Connecting to: fraud-postgres 5432","logger":"dag_processor.stdout"}
{"timestamp":"2026-07-03T16:01:33.467064Z","level":"info","event":"Filling up the DagBag from /opt/airflow/dags/fraud_retraining_dag.py","logger":"airflow.dag_processing.dagbag.BundleDagBag","filename":"dagbag.py","lineno":469}
{"timestamp":"2026-07-03T16:01:38.364842Z","level":"info","event":"Connecting to: fraud-postgres 5432","logger":"dag_processor.stdout"}
{"timestamp":"2026-07-03T16:02:09.203945Z","level":"info","event":"Filling up the DagBag from /opt/airflow/dags/fraud_retraining_dag.py","logger":"airflow.dag_processing.dagbag.BundleDagBag","filename":"dagbag.py","lineno":469}
{"timestamp":"2026-07-03T16:02:18.402485Z","level":"info","event":"Connecting to: fraud-postgres 5432","logger":"dag_processor.stdout"}
{"timestamp":"2026-07-03T16:02:50.201453Z","level":"info","event":"Filling up the DagBag from /opt/airflow/dags/fraud_retraining_dag.py","logger":"airflow.dag_processing.dagbag.BundleDagBag","filename":"dagbag.py","lineno":469}
{"timestamp":"2026-07-03T16:02:54.123186Z","level":"info","event":"Connecting to: fraud-postgres 5432","logger":"dag_processor.stdout"}
{"timestamp":"2026-07-03T16:03:25.552264Z","level":"info","event":"Filling up the DagBag from /opt/airflow/dags/fraud_retraining_dag.py","logger":"airflow.dag_processing.dagbag.BundleDagBag","filename":"dagbag.py","lineno":469}
{"timestamp":"2026-07-03T16:03:29.026171Z","level":"info","event":"Connecting to: fraud-postgres 5432","logger":"dag_processor.stdout"}
{"timestamp":"2026-07-03T16:03:59.837304Z","level":"info","event":"Filling up the DagBag from /opt/airflow/dags/fraud_retraining_dag.py","logger":"airflow.dag_processing.dagbag.BundleDagBag","filename":"dagbag.py","lineno":469}
{"timestamp":"2026-07-03T16:04:09.076113Z","level":"info","event":"Connecting to: fraud-postgres 5432","logger":"dag_processor.stdout"}
{"timestamp":"2026-07-03T16:04:39.759251Z","level":"info","event":"Filling up the DagBag from /opt/airflow/dags/fraud_retraining_dag.py","logger":"airflow.dag_processing.dagbag.BundleDagBag","filename":"dagbag.py","lineno":469}
{"timestamp":"2026-07-03T16:04:43.078198Z","level":"info","event":"Connecting to: fraud-postgres 5432","logger":"dag_processor.stdout"}
{"timestamp":"2026-07-03T16:05:13.805158Z","level":"info","event":"Filling up the DagBag from /opt/airflow/dags/fraud_retraining_dag.py","logger":"airflow.dag_processing.dagbag.BundleDagBag","filename":"dagbag.py","lineno":469}
{"timestamp":"2026-07-03T16:05:16.846191Z","level":"info","event":"Connecting to: fraud-postgres 5432","logger":"dag_processor.stdout"}
{"timestamp":"2026-07-03T16:05:47.495913Z","level":"info","event":"Filling up the DagBag from /opt/airflow/dags/fraud_retraining_dag.py","logger":"airflow.dag_processing.dagbag.BundleDagBag","filename":"dagbag.py","lineno":469}
{"timestamp":"2026-07-03T16:05:50.202189Z","level":"info","event":"Connecting to: fraud-postgres 5432","logger":"dag_processor.stdout"}
{"timestamp":"2026-07-03T16:06:21.116623Z","level":"info","event":"Filling up the DagBag from /opt/airflow/dags/fraud_retraining_dag.py","logger":"airflow.dag_processing.dagbag.BundleDagBag","filename":"dagbag.py","lineno":469}
{"timestamp":"2026-07-03T16:06:24.354911Z","level":"info","event":"Connecting to: fraud-postgres 5432","logger":"dag_processor.stdout"}
{"timestamp":"2026-07-03T16:06:55.112188Z","level":"info","event":"Filling up the DagBag from /opt/airflow/dags/fraud_retraining_dag.py","logger":"airflow.dag_processing.dagbag.BundleDagBag","filename":"dagbag.py","lineno":469}
{"timestamp":"2026-07-03T16:06:57.773484Z","level":"info","event":"Connecting to: fraud-postgres 5432","logger":"dag_processor.stdout"}
{"timestamp":"2026-07-03T16:07:28.497313Z","level":"info","event":"Filling up the DagBag from /opt/airflow/dags/fraud_retraining_dag.py","logger":"airflow.dag_processing.dagbag.BundleDagBag","filename":"dagbag.py","lineno":469}
{"timestamp":"2026-07-03T16:07:31.240363Z","level":"info","event":"Connecting to: fraud-postgres 5432","logger":"dag_processor.stdout"}
{"timestamp":"2026-07-03T16:08:02.184051Z","level":"info","event":"Filling up the DagBag from /opt/airflow/dags/fraud_retraining_dag.py","logger":"airflow.dag_processing.dagbag.BundleDagBag","filename":"dagbag.py","lineno":469}
{"timestamp":"2026-07-03T16:08:05.227649Z","level":"info","event":"Connecting to: fraud-postgres 5432","logger":"dag_processor.stdout"}
{"timestamp":"2026-07-03T16:08:36.006508Z","level":"info","event":"Filling up the DagBag from /opt/airflow/dags/fraud_retraining_dag.py","logger":"airflow.dag_processing.dagbag.BundleDagBag","filename":"dagbag.py","lineno":469}
{"timestamp":"2026-07-03T16:08:38.731781Z","level":"info","event":"Connecting to: fraud-postgres 5432","logger":"dag_processor.stdout"}
{"timestamp":"2026-07-03T16:09:09.408485Z","level":"info","event":"Filling up the DagBag from /opt/airflow/dags/fraud_retraining_dag.py","logger":"airflow.dag_processing.dagbag.BundleDagBag","filename":"dagbag.py","lineno":469}
{"timestamp":"2026-07-03T16:09:12.233517Z","level":"info","event":"Connecting to: fraud-postgres 5432","logger":"dag_processor.stdout"}
{"timestamp":"2026-07-03T16:09:43.169307Z","level":"info","event":"Filling up the DagBag from /opt/airflow/dags/fraud_retraining_dag.py","logger":"airflow.dag_processing.dagbag.BundleDagBag","filename":"dagbag.py","lineno":469}
{"timestamp":"2026-07-03T16:09:46.551481Z","level":"info","event":"Connecting to: fraud-postgres 5432","logger":"dag_processor.stdout"}
{"timestamp":"2026-07-03T16:10:17.433130Z","level":"info","event":"Filling up the DagBag from /opt/airflow/dags/fraud_retraining_dag.py","logger":"airflow.dag_processing.dagbag.BundleDagBag","filename":"dagbag.py","lineno":469}
{"timestamp":"2026-07-03T16:10:20.750238Z","level":"info","event":"Connecting to: fraud-postgres 5432","logger":"dag_processor.stdout"}
{"timestamp":"2026-07-03T16:10:51.374490Z","level":"info","event":"Filling up the DagBag from /opt/airflow/dags/fraud_retraining_dag.py","logger":"airflow.dag_processing.dagbag.BundleDagBag","filename":"dagbag.py","lineno":469}
{"timestamp":"2026-07-03T16:10:56.131945Z","level":"info","event":"Connecting to: fraud-postgres 5432","logger":"dag_processor.stdout"}
{"timestamp":"2026-07-03T16:11:27.086849Z","level":"info","event":"Filling up the DagBag from /opt/airflow/dags/fraud_retraining_dag.py","logger":"airflow.dag_processing.dagbag.BundleDagBag","filename":"dagbag.py","lineno":469}
{"timestamp":"2026-07-03T16:11:31.104156Z","level":"info","event":"Connecting to: fraud-postgres 5432","logger":"dag_processor.stdout"}
{"timestamp":"2026-07-03T16:12:01.934382Z","level":"info","event":"Filling up the DagBag from /opt/airflow/dags/fraud_retraining_dag.py","logger":"airflow.dag_processing.dagbag.BundleDagBag","filename":"dagbag.py","lineno":469}
{"timestamp":"2026-07-03T16:12:07.092587Z","level":"info","event":"Connecting to: fraud-postgres 5432","logger":"dag_processor.stdout"}
{"timestamp":"2026-07-03T16:12:38.102379Z","level":"info","event":"Filling up the DagBag from /opt/airflow/dags/fraud_retraining_dag.py","logger":"airflow.dag_processing.dagbag.BundleDagBag","filename":"dagbag.py","lineno":469}
{"timestamp":"2026-07-03T16:12:47.009327Z","level":"info","event":"Connecting to: fraud-postgres 5432","logger":"dag_processor.stdout"}
{"timestamp":"2026-07-03T16:13:18.192213Z","level":"info","event":"Filling up the DagBag from /opt/airflow/dags/fraud_retraining_dag.py","logger":"airflow.dag_processing.dagbag.BundleDagBag","filename":"dagbag.py","lineno":469}
{"timestamp":"2026-07-03T16:13:21.518316Z","level":"info","event":"Connecting to: fraud-postgres 5432","logger":"dag_processor.stdout"}
{"timestamp":"2026-07-03T16:16:38.914431Z","level":"info","event":"Filling up the DagBag from /opt/airflow/dags/fraud_retraining_dag.py","logger":"airflow.dag_processing.dagbag.BundleDagBag","filename":"dagbag.py","lineno":469}
{"timestamp":"2026-07-03T16:17:09.603855Z","level":"error","event":"Process timed out, PID: 17","logger":"airflow.dag_processing.importers.python_importer","filename":"python_importer.py","lineno":62}
{"timestamp":"2026-07-03T16:17:09.605757Z","level":"error","event":"Failed to import: /opt/airflow/dags/fraud_retraining_dag.py","logger":"airflow.dag_processing.importers.python_importer","filename":"python_importer.py","lineno":244,"error_detail":[{"exc_type":"AirflowTaskTimeout","exc_value":"DagBag import timeout for /opt/airflow/dags/fraud_retraining_dag.py after 30.0s.\nPlease take a look at these docs to improve your DAG import time:\n* https://airflow.apache.org/docs/apache-airflow/3.2.2/best-practices.html#top-level-python-code\n* https://airflow.apache.org/docs/apache-airflow/3.2.2/best-practices.html#reducing-dag-complexity, PID: 17","exc_notes":[],"syntax_error":null,"is_cause":false,"frames":[{"filename":"/home/airflow/.local/lib/python3.12/site-packages/airflow/dag_processing/importers/python_importer.py","lineno":238,"name":"parse"},{"filename":"<frozen importlib._bootstrap_external>","lineno":999,"name":"exec_module"},{"filename":"<frozen importlib._bootstrap>","lineno":488,"name":"_call_with_frames_removed"},{"filename":"/opt/airflow/dags/fraud_retraining_dag.py","lineno":7,"name":"<module>"},{"filename":"/opt/airflow/ml/training/validate_model.py","lineno":5,"name":"<module>"},{"filename":"/opt/airflow/ml/training/metrics.py","lineno":1,"name":"<module>"},{"filename":"/home/airflow/.local/lib/python3.12/site-packages/sklearn/__init__.py","lineno":70,"name":"<module>"},{"filename":"/home/airflow/.local/lib/python3.12/site-packages/sklearn/base.py","lineno":19,"name":"<module>"},{"filename":"/home/airflow/.local/lib/python3.12/site-packages/sklearn/utils/__init__.py","lineno":9,"name":"<module>"},{"filename":"/home/airflow/.local/lib/python3.12/site-packages/sklearn/utils/_chunking.py","lineno":11,"name":"<module>"},{"filename":"/home/airflow/.local/lib/python3.12/site-packages/sklearn/utils/_param_validation.py","lineno":17,"name":"<module>"},{"filename":"/home/airflow/.local/lib/python3.12/site-packages/sklearn/utils/validation.py","lineno":24,"name":"<module>"},{"filename":"/home/airflow/.local/lib/python3.12/site-packages/sklearn/utils/_array_api.py","lineno":20,"name":"<module>"},{"filename":"/home/airflow/.local/lib/python3.12/site-packages/sklearn/utils/fixes.py","lineno":16,"name":"<module>"},{"filename":"/home/airflow/.local/lib/python3.12/site-packages/scipy/stats/__init__.py","lineno":628,"name":"<module>"},{"filename":"/home/airflow/.local/lib/python3.12/site-packages/scipy/stats/_stats_py.py","lineno":49,"name":"<module>"},{"filename":"/home/airflow/.local/lib/python3.12/site-packages/scipy/stats/distributions.py","lineno":10,"name":"<module>"},{"filename":"/home/airflow/.local/lib/python3.12/site-packages/scipy/stats/_continuous_distns.py","lineno":13,"name":"<module>"},{"filename":"/home/airflow/.local/lib/python3.12/site-packages/scipy/interpolate/__init__.py","lineno":212,"name":"<module>"},{"filename":"/home/airflow/.local/lib/python3.12/site-packages/scipy/interpolate/_rgi.py","lineno":17,"name":"<module>"},{"filename":"/home/airflow/.local/lib/python3.12/site-packages/airflow/dag_processing/importers/python_importer.py","lineno":65,"name":"handle_timeout"}],"is_group":false,"exceptions":[]}]}
{"timestamp":"2026-07-03T16:17:09.639972Z","level":"error","event":"Error loading DAG from fraud_retraining_dag.py: DagBag import timeout for /opt/airflow/dags/fraud_retraining_dag.py after 30.0s.\nPlease take a look at these docs to improve your DAG import time:\n* https://airflow.apache.org/docs/apache-airflow/3.2.2/best-practices.html#top-level-python-code\n* https://airflow.apache.org/docs/apache-airflow/3.2.2/best-practices.html#reducing-dag-complexity, PID: 17","logger":"airflow.dag_processing.dagbag.BundleDagBag","filename":"dagbag.py","lineno":327}
{"timestamp":"2026-07-03T16:17:40.431581Z","level":"info","event":"Filling up the DagBag from /opt/airflow/dags/fraud_retraining_dag.py","logger":"airflow.dag_processing.dagbag.BundleDagBag","filename":"dagbag.py","lineno":469}
{"timestamp":"2026-07-03T16:17:48.884704Z","level":"info","event":"Connecting to: fraud-postgres 5432","logger":"dag_processor.stdout"}
{"timestamp":"2026-07-03T16:18:21.344822Z","level":"info","event":"Filling up the DagBag from /opt/airflow/dags/fraud_retraining_dag.py","logger":"airflow.dag_processing.dagbag.BundleDagBag","filename":"dagbag.py","lineno":469}
{"timestamp":"2026-07-03T16:18:25.102363Z","level":"info","event":"Connecting to: fraud-postgres 5432","logger":"dag_processor.stdout"}
{"timestamp":"2026-07-03T18:44:14.113994Z","level":"info","event":"Filling up the DagBag from /opt/airflow/dags/fraud_retraining_dag.py","logger":"airflow.dag_processing.dagbag.BundleDagBag","filename":"dagbag.py","lineno":469}
{"timestamp":"2026-07-03T18:44:47.524097Z","level":"error","event":"Process timed out, PID: 17","logger":"airflow.dag_processing.importers.python_importer","filename":"python_importer.py","lineno":62}
{"timestamp":"2026-07-03T18:44:47.525281Z","level":"error","event":"Failed to import: /opt/airflow/dags/fraud_retraining_dag.py","logger":"airflow.dag_processing.importers.python_importer","filename":"python_importer.py","lineno":244,"error_detail":[{"exc_type":"AirflowTaskTimeout","exc_value":"DagBag import timeout for /opt/airflow/dags/fraud_retraining_dag.py after 30.0s.\nPlease take a look at these docs to improve your DAG import time:\n* https://airflow.apache.org/docs/apache-airflow/3.2.2/best-practices.html#top-level-python-code\n* https://airflow.apache.org/docs/apache-airflow/3.2.2/best-practices.html#reducing-dag-complexity, PID: 17","exc_notes":[],"syntax_error":null,"is_cause":false,"frames":[{"filename":"/home/airflow/.local/lib/python3.12/site-packages/airflow/dag_processing/importers/python_importer.py","lineno":238,"name":"parse"},{"filename":"<frozen importlib._bootstrap_external>","lineno":999,"name":"exec_module"},{"filename":"<frozen importlib._bootstrap>","lineno":488,"name":"_call_with_frames_removed"},{"filename":"/opt/airflow/dags/fraud_retraining_dag.py","lineno":7,"name":"<module>"},{"filename":"/opt/airflow/ml/training/validate_model.py","lineno":5,"name":"<module>"},{"filename":"/opt/airflow/ml/training/metrics.py","lineno":1,"name":"<module>"},{"filename":"/home/airflow/.local/lib/python3.12/site-packages/sklearn/__init__.py","lineno":70,"name":"<module>"},{"filename":"/home/airflow/.local/lib/python3.12/site-packages/sklearn/base.py","lineno":19,"name":"<module>"},{"filename":"/home/airflow/.local/lib/python3.12/site-packages/sklearn/utils/__init__.py","lineno":9,"name":"<module>"},{"filename":"/home/airflow/.local/lib/python3.12/site-packages/sklearn/utils/_chunking.py","lineno":11,"name":"<module>"},{"filename":"/home/airflow/.local/lib/python3.12/site-packages/sklearn/utils/_param_validation.py","lineno":17,"name":"<module>"},{"filename":"/home/airflow/.local/lib/python3.12/site-packages/sklearn/utils/validation.py","lineno":24,"name":"<module>"},{"filename":"/home/airflow/.local/lib/python3.12/site-packages/sklearn/utils/_array_api.py","lineno":18,"name":"<module>"},{"filename":"/home/airflow/.local/lib/python3.12/site-packages/sklearn/externals/array_api_compat/numpy/__init__.py","lineno":24,"name":"<module>"},{"filename":"<frozen importlib._bootstrap>","lineno":1360,"name":"_find_and_load"},{"filename":"<frozen importlib._bootstrap>","lineno":1331,"name":"_find_and_load_unlocked"},{"filename":"<frozen importlib._bootstrap>","lineno":935,"name":"_load_unlocked"},{"filename":"<frozen importlib._bootstrap_external>","lineno":995,"name":"exec_module"},{"filename":"<frozen importlib._bootstrap_external>","lineno":1132,"name":"get_code"},{"filename":"<frozen importlib._bootstrap_external>","lineno":1191,"name":"get_data"},{"filename":"/home/airflow/.local/lib/python3.12/site-packages/airflow/dag_processing/importers/python_importer.py","lineno":65,"name":"handle_timeout"}],"is_group":false,"exceptions":[]}]}
{"timestamp":"2026-07-03T18:44:47.530965Z","level":"error","event":"Error loading DAG from fraud_retraining_dag.py: DagBag import timeout for /opt/airflow/dags/fraud_retraining_dag.py after 30.0s.\nPlease take a look at these docs to improve your DAG import time:\n* https://airflow.apache.org/docs/apache-airflow/3.2.2/best-practices.html#top-level-python-code\n* https://airflow.apache.org/docs/apache-airflow/3.2.2/best-practices.html#reducing-dag-complexity, PID: 17","logger":"airflow.dag_processing.dagbag.BundleDagBag","filename":"dagbag.py","lineno":327}
{"timestamp":"2026-07-03T18:45:20.209354Z","level":"info","event":"Filling up the DagBag from /opt/airflow/dags/fraud_retraining_dag.py","logger":"airflow.dag_processing.dagbag.BundleDagBag","filename":"dagbag.py","lineno":469}
{"timestamp":"2026-07-03T18:45:50.299726Z","level":"error","event":"Process timed out, PID: 26","logger":"airflow.dag_processing.importers.python_importer","filename":"python_importer.py","lineno":62}
{"timestamp":"2026-07-03T18:45:50.301867Z","level":"error","event":"Failed to import: /opt/airflow/dags/fraud_retraining_dag.py","logger":"airflow.dag_processing.importers.python_importer","filename":"python_importer.py","lineno":244,"error_detail":[{"exc_type":"AirflowTaskTimeout","exc_value":"DagBag import timeout for /opt/airflow/dags/fraud_retraining_dag.py after 30.0s.\nPlease take a look at these docs to improve your DAG import time:\n* https://airflow.apache.org/docs/apache-airflow/3.2.2/best-practices.html#top-level-python-code\n* https://airflow.apache.org/docs/apache-airflow/3.2.2/best-practices.html#reducing-dag-complexity, PID: 26","exc_notes":[],"syntax_error":null,"is_cause":false,"frames":[{"filename":"/home/airflow/.local/lib/python3.12/site-packages/airflow/dag_processing/importers/python_importer.py","lineno":238,"name":"parse"},{"filename":"<frozen importlib._bootstrap_external>","lineno":999,"name":"exec_module"},{"filename":"<frozen importlib._bootstrap>","lineno":488,"name":"_call_with_frames_removed"},{"filename":"/opt/airflow/dags/fraud_retraining_dag.py","lineno":9,"name":"<module>"},{"filename":"/opt/airflow/backend/app/services/reload_api.py","lineno":1,"name":"<module>"},{"filename":"/home/airflow/.local/lib/python3.12/site-packages/requests/__init__.py","lineno":47,"name":"<module>"},{"filename":"/home/airflow/.local/lib/python3.12/site-packages/requests/exceptions.py","lineno":14,"name":"<module>"},{"filename":"/home/airflow/.local/lib/python3.12/site-packages/requests/compat.py","lineno":49,"name":"<module>"},{"filename":"/home/airflow/.local/lib/python3.12/site-packages/requests/compat.py","lineno":43,"name":"_resolve_char_detection"},{"filename":"/usr/python/lib/python3.12/importlib/__init__.py","lineno":90,"name":"import_module"},{"filename":"/home/airflow/.local/lib/python3.12/site-packages/chardet/__init__.py","lineno":23,"name":"<module>"},{"filename":"/home/airflow/.local/lib/python3.12/site-packages/chardet/universaldetector.py","lineno":49,"name":"<module>"},{"filename":"/home/airflow/.local/lib/python3.12/site-packages/chardet/sbcsgroupprober.py","lineno":198,"name":"<module>"},{"filename":"/home/airflow/.local/lib/python3.12/site-packages/airflow/dag_processing/importers/python_importer.py","lineno":65,"name":"handle_timeout"}],"is_group":false,"exceptions":[]}]}
{"timestamp":"2026-07-03T18:45:50.313555Z","level":"error","event":"Error loading DAG from fraud_retraining_dag.py: DagBag import timeout for /opt/airflow/dags/fraud_retraining_dag.py after 30.0s.\nPlease take a look at these docs to improve your DAG import time:\n* https://airflow.apache.org/docs/apache-airflow/3.2.2/best-practices.html#top-level-python-code\n* https://airflow.apache.org/docs/apache-airflow/3.2.2/best-practices.html#reducing-dag-complexity, PID: 26","logger":"airflow.dag_processing.dagbag.BundleDagBag","filename":"dagbag.py","lineno":327}
{"timestamp":"2026-07-03T18:46:21.153056Z","level":"info","event":"Filling up the DagBag from /opt/airflow/dags/fraud_retraining_dag.py","logger":"airflow.dag_processing.dagbag.BundleDagBag","filename":"dagbag.py","lineno":469}
{"timestamp":"2026-07-03T18:46:32.394254Z","level":"info","event":"Connecting to: fraud-postgres 5432","logger":"dag_processor.stdout"}
{"timestamp":"2026-07-03T18:47:05.389949Z","level":"info","event":"Filling up the DagBag from /opt/airflow/dags/fraud_retraining_dag.py","logger":"airflow.dag_processing.dagbag.BundleDagBag","filename":"dagbag.py","lineno":469}
{"timestamp":"2026-07-03T18:47:16.130624Z","level":"info","event":"Connecting to: fraud-postgres 5432","logger":"dag_processor.stdout"}
{"timestamp":"2026-07-03T18:47:48.072789Z","level":"info","event":"Filling up the DagBag from /opt/airflow/dags/fraud_retraining_dag.py","logger":"airflow.dag_processing.dagbag.BundleDagBag","filename":"dagbag.py","lineno":469}
{"timestamp":"2026-07-03T18:47:59.630098Z","level":"info","event":"Connecting to: fraud-postgres 5432","logger":"dag_processor.stdout"}
{"timestamp":"2026-07-03T18:48:32.241207Z","level":"info","event":"Filling up the DagBag from /opt/airflow/dags/fraud_retraining_dag.py","logger":"airflow.dag_processing.dagbag.BundleDagBag","filename":"dagbag.py","lineno":469}
{"timestamp":"2026-07-03T18:48:46.536769Z","level":"info","event":"Connecting to: fraud-postgres 5432","logger":"dag_processor.stdout"}
{"timestamp":"2026-07-03T18:49:18.520678Z","level":"info","event":"Filling up the DagBag from /opt/airflow/dags/fraud_retraining_dag.py","logger":"airflow.dag_processing.dagbag.BundleDagBag","filename":"dagbag.py","lineno":469}
{"timestamp":"2026-07-03T18:49:29.834126Z","level":"info","event":"Connecting to: fraud-postgres 5432","logger":"dag_processor.stdout"}
{"timestamp":"2026-07-03T18:50:01.372667Z","level":"info","event":"Filling up the DagBag from /opt/airflow/dags/fraud_retraining_dag.py","logger":"airflow.dag_processing.dagbag.BundleDagBag","filename":"dagbag.py","lineno":469}
{"timestamp":"2026-07-03T18:50:24.951758Z","level":"info","event":"Connecting to: fraud-postgres 5432","logger":"dag_processor.stdout"}
{"timestamp":"2026-07-03T18:50:58.928064Z","level":"info","event":"Filling up the DagBag from /opt/airflow/dags/fraud_retraining_dag.py","logger":"airflow.dag_processing.dagbag.BundleDagBag","filename":"dagbag.py","lineno":469}
{"timestamp":"2026-07-03T18:51:10.729665Z","level":"info","event":"Connecting to: fraud-postgres 5432","logger":"dag_processor.stdout"}
{"timestamp":"2026-07-03T18:51:42.701433Z","level":"info","event":"Filling up the DagBag from /opt/airflow/dags/fraud_retraining_dag.py","logger":"airflow.dag_processing.dagbag.BundleDagBag","filename":"dagbag.py","lineno":469}
{"timestamp":"2026-07-03T18:51:53.884771Z","level":"info","event":"Connecting to: fraud-postgres 5432","logger":"dag_processor.stdout"}
{"timestamp":"2026-07-03T18:52:25.505244Z","level":"info","event":"Filling up the DagBag from /opt/airflow/dags/fraud_retraining_dag.py","logger":"airflow.dag_processing.dagbag.BundleDagBag","filename":"dagbag.py","lineno":469}
{"timestamp":"2026-07-03T18:52:38.050581Z","level":"info","event":"Connecting to: fraud-postgres 5432","logger":"dag_processor.stdout"}
{"timestamp":"2026-07-03T18:53:09.684510Z","level":"info","event":"Filling up the DagBag from /opt/airflow/dags/fraud_retraining_dag.py","logger":"airflow.dag_processing.dagbag.BundleDagBag","filename":"dagbag.py","lineno":469}
{"timestamp":"2026-07-03T18:53:20.107150Z","level":"info","event":"Connecting to: fraud-postgres 5432","logger":"dag_processor.stdout"}
{"timestamp":"2026-07-03T18:53:51.233191Z","level":"info","event":"Filling up the DagBag from /opt/airflow/dags/fraud_retraining_dag.py","logger":"airflow.dag_processing.dagbag.BundleDagBag","filename":"dagbag.py","lineno":469}
{"timestamp":"2026-07-03T18:53:53.942321Z","level":"info","event":"Connecting to: fraud-postgres 5432","logger":"dag_processor.stdout"}
{"timestamp":"2026-07-03T18:54:25.506183Z","level":"info","event":"Filling up the DagBag from /opt/airflow/dags/fraud_retraining_dag.py","logger":"airflow.dag_processing.dagbag.BundleDagBag","filename":"dagbag.py","lineno":469}
{"timestamp":"2026-07-03T18:54:29.013807Z","level":"info","event":"Connecting to: fraud-postgres 5432","logger":"dag_processor.stdout"}
{"timestamp":"2026-07-03T18:54:59.554508Z","level":"info","event":"Filling up the DagBag from /opt/airflow/dags/fraud_retraining_dag.py","logger":"airflow.dag_processing.dagbag.BundleDagBag","filename":"dagbag.py","lineno":469}
{"timestamp":"2026-07-03T18:55:02.283327Z","level":"info","event":"Connecting to: fraud-postgres 5432","logger":"dag_processor.stdout"}
{"timestamp":"2026-07-03T18:55:33.420744Z","level":"info","event":"Filling up the DagBag from /opt/airflow/dags/fraud_retraining_dag.py","logger":"airflow.dag_processing.dagbag.BundleDagBag","filename":"dagbag.py","lineno":469}
{"timestamp":"2026-07-03T18:55:37.029311Z","level":"info","event":"Connecting to: fraud-postgres 5432","logger":"dag_processor.stdout"}
{"timestamp":"2026-07-03T18:56:07.879426Z","level":"info","event":"Filling up the DagBag from /opt/airflow/dags/fraud_retraining_dag.py","logger":"airflow.dag_processing.dagbag.BundleDagBag","filename":"dagbag.py","lineno":469}
{"timestamp":"2026-07-03T18:56:10.515061Z","level":"info","event":"Connecting to: fraud-postgres 5432","logger":"dag_processor.stdout"}
{"timestamp":"2026-07-03T18:56:41.134025Z","level":"info","event":"Filling up the DagBag from /opt/airflow/dags/fraud_retraining_dag.py","logger":"airflow.dag_processing.dagbag.BundleDagBag","filename":"dagbag.py","lineno":469}
{"timestamp":"2026-07-03T18:56:44.015019Z","level":"info","event":"Connecting to: fraud-postgres 5432","logger":"dag_processor.stdout"}
{"timestamp":"2026-07-03T18:57:16.042926Z","level":"info","event":"Filling up the DagBag from /opt/airflow/dags/fraud_retraining_dag.py","logger":"airflow.dag_processing.dagbag.BundleDagBag","filename":"dagbag.py","lineno":469}
{"timestamp":"2026-07-03T18:57:18.811459Z","level":"info","event":"Connecting to: fraud-postgres 5432","logger":"dag_processor.stdout"}
{"timestamp":"2026-07-03T18:57:49.418543Z","level":"info","event":"Filling up the DagBag from /opt/airflow/dags/fraud_retraining_dag.py","logger":"airflow.dag_processing.dagbag.BundleDagBag","filename":"dagbag.py","lineno":469}
{"timestamp":"2026-07-03T18:57:52.382998Z","level":"info","event":"Connecting to: fraud-postgres 5432","logger":"dag_processor.stdout"}
{"timestamp":"2026-07-03T18:58:23.227258Z","level":"info","event":"Filling up the DagBag from /opt/airflow/dags/fraud_retraining_dag.py","logger":"airflow.dag_processing.dagbag.BundleDagBag","filename":"dagbag.py","lineno":469}
{"timestamp":"2026-07-03T18:58:26.214813Z","level":"info","event":"Connecting to: fraud-postgres 5432","logger":"dag_processor.stdout"}
{"timestamp":"2026-07-03T18:58:57.592357Z","level":"info","event":"Filling up the DagBag from /opt/airflow/dags/fraud_retraining_dag.py","logger":"airflow.dag_processing.dagbag.BundleDagBag","filename":"dagbag.py","lineno":469}
{"timestamp":"2026-07-03T18:59:00.626061Z","level":"info","event":"Connecting to: fraud-postgres 5432","logger":"dag_processor.stdout"}
{"timestamp":"2026-07-03T18:59:32.108479Z","level":"info","event":"Filling up the DagBag from /opt/airflow/dags/fraud_retraining_dag.py","logger":"airflow.dag_processing.dagbag.BundleDagBag","filename":"dagbag.py","lineno":469}
{"timestamp":"2026-07-03T18:59:35.501068Z","level":"info","event":"Connecting to: fraud-postgres 5432","logger":"dag_processor.stdout"}
{"timestamp":"2026-07-03T19:00:06.912319Z","level":"info","event":"Filling up the DagBag from /opt/airflow/dags/fraud_retraining_dag.py","logger":"airflow.dag_processing.dagbag.BundleDagBag","filename":"dagbag.py","lineno":469}
{"timestamp":"2026-07-03T19:00:09.665140Z","level":"info","event":"Connecting to: fraud-postgres 5432","logger":"dag_processor.stdout"}
{"timestamp":"2026-07-03T19:00:40.956714Z","level":"info","event":"Filling up the DagBag from /opt/airflow/dags/fraud_retraining_dag.py","logger":"airflow.dag_processing.dagbag.BundleDagBag","filename":"dagbag.py","lineno":469}
{"timestamp":"2026-07-03T19:00:43.683824Z","level":"info","event":"Connecting to: fraud-postgres 5432","logger":"dag_processor.stdout"}
{"timestamp":"2026-07-03T19:01:15.048861Z","level":"info","event":"Filling up the DagBag from /opt/airflow/dags/fraud_retraining_dag.py","logger":"airflow.dag_processing.dagbag.BundleDagBag","filename":"dagbag.py","lineno":469}
{"timestamp":"2026-07-03T19:01:17.897991Z","level":"info","event":"Connecting to: fraud-postgres 5432","logger":"dag_processor.stdout"}
{"timestamp":"2026-07-03T19:01:49.228658Z","level":"info","event":"Filling up the DagBag from /opt/airflow/dags/fraud_retraining_dag.py","logger":"airflow.dag_processing.dagbag.BundleDagBag","filename":"dagbag.py","lineno":469}
{"timestamp":"2026-07-03T19:01:51.920565Z","level":"info","event":"Connecting to: fraud-postgres 5432","logger":"dag_processor.stdout"}
{"timestamp":"2026-07-03T19:02:23.231749Z","level":"info","event":"Filling up the DagBag from /opt/airflow/dags/fraud_retraining_dag.py","logger":"airflow.dag_processing.dagbag.BundleDagBag","filename":"dagbag.py","lineno":469}
{"timestamp":"2026-07-03T19:02:26.427123Z","level":"info","event":"Connecting to: fraud-postgres 5432","logger":"dag_processor.stdout"}
{"timestamp":"2026-07-03T19:02:56.932883Z","level":"info","event":"Filling up the DagBag from /opt/airflow/dags/fraud_retraining_dag.py","logger":"airflow.dag_processing.dagbag.BundleDagBag","filename":"dagbag.py","lineno":469}
{"timestamp":"2026-07-03T19:02:59.616033Z","level":"info","event":"Connecting to: fraud-postgres 5432","logger":"dag_processor.stdout"}
{"timestamp":"2026-07-03T19:03:30.138103Z","level":"info","event":"Filling up the DagBag from /opt/airflow/dags/fraud_retraining_dag.py","logger":"airflow.dag_processing.dagbag.BundleDagBag","filename":"dagbag.py","lineno":469}
{"timestamp":"2026-07-03T19:03:32.837276Z","level":"info","event":"Connecting to: fraud-postgres 5432","logger":"dag_processor.stdout"}
{"timestamp":"2026-07-03T19:04:03.408527Z","level":"info","event":"Filling up the DagBag from /opt/airflow/dags/fraud_retraining_dag.py","logger":"airflow.dag_processing.dagbag.BundleDagBag","filename":"dagbag.py","lineno":469}
{"timestamp":"2026-07-03T19:04:08.436579Z","level":"info","event":"Connecting to: fraud-postgres 5432","logger":"dag_processor.stdout"}
{"timestamp":"2026-07-03T19:04:39.456161Z","level":"info","event":"Filling up the DagBag from /opt/airflow/dags/fraud_retraining_dag.py","logger":"airflow.dag_processing.dagbag.BundleDagBag","filename":"dagbag.py","lineno":469}
{"timestamp":"2026-07-03T19:04:42.060638Z","level":"info","event":"Connecting to: fraud-postgres 5432","logger":"dag_processor.stdout"}
{"timestamp":"2026-07-03T19:05:12.683318Z","level":"info","event":"Filling up the DagBag from /opt/airflow/dags/fraud_retraining_dag.py","logger":"airflow.dag_processing.dagbag.BundleDagBag","filename":"dagbag.py","lineno":469}
{"timestamp":"2026-07-03T19:05:15.637325Z","level":"info","event":"Connecting to: fraud-postgres 5432","logger":"dag_processor.stdout"}
{"timestamp":"2026-07-03T19:05:46.282334Z","level":"info","event":"Filling up the DagBag from /opt/airflow/dags/fraud_retraining_dag.py","logger":"airflow.dag_processing.dagbag.BundleDagBag","filename":"dagbag.py","lineno":469}
{"timestamp":"2026-07-03T19:05:48.993086Z","level":"info","event":"Connecting to: fraud-postgres 5432","logger":"dag_processor.stdout"}
{"timestamp":"2026-07-03T19:06:19.458513Z","level":"info","event":"Filling up the DagBag from /opt/airflow/dags/fraud_retraining_dag.py","logger":"airflow.dag_processing.dagbag.BundleDagBag","filename":"dagbag.py","lineno":469}
{"timestamp":"2026-07-03T19:06:22.414549Z","level":"info","event":"Connecting to: fraud-postgres 5432","logger":"dag_processor.stdout"}
{"timestamp":"2026-07-03T19:06:52.987118Z","level":"info","event":"Filling up the DagBag from /opt/airflow/dags/fraud_retraining_dag.py","logger":"airflow.dag_processing.dagbag.BundleDagBag","filename":"dagbag.py","lineno":469}
{"timestamp":"2026-07-03T19:06:56.032890Z","level":"info","event":"Connecting to: fraud-postgres 5432","logger":"dag_processor.stdout"}
{"timestamp":"2026-07-03T19:07:26.610522Z","level":"info","event":"Filling up the DagBag from /opt/airflow/dags/fraud_retraining_dag.py","logger":"airflow.dag_processing.dagbag.BundleDagBag","filename":"dagbag.py","lineno":469}
{"timestamp":"2026-07-03T19:07:29.196401Z","level":"info","event":"Connecting to: fraud-postgres 5432","logger":"dag_processor.stdout"}
{"timestamp":"2026-07-03T19:07:59.801801Z","level":"info","event":"Filling up the DagBag from /opt/airflow/dags/fraud_retraining_dag.py","logger":"airflow.dag_processing.dagbag.BundleDagBag","filename":"dagbag.py","lineno":469}
{"timestamp":"2026-07-03T19:08:02.669853Z","level":"info","event":"Connecting to: fraud-postgres 5432","logger":"dag_processor.stdout"}
{"timestamp":"2026-07-03T19:08:34.182957Z","level":"info","event":"Filling up the DagBag from /opt/airflow/dags/fraud_retraining_dag.py","logger":"airflow.dag_processing.dagbag.BundleDagBag","filename":"dagbag.py","lineno":469}
{"timestamp":"2026-07-03T19:08:37.132369Z","level":"info","event":"Connecting to: fraud-postgres 5432","logger":"dag_processor.stdout"}
{"timestamp":"2026-07-03T19:09:08.522692Z","level":"info","event":"Filling up the DagBag from /opt/airflow/dags/fraud_retraining_dag.py","logger":"airflow.dag_processing.dagbag.BundleDagBag","filename":"dagbag.py","lineno":469}
{"timestamp":"2026-07-03T19:09:11.284628Z","level":"info","event":"Connecting to: fraud-postgres 5432","logger":"dag_processor.stdout"}
{"timestamp":"2026-07-03T19:09:41.739253Z","level":"info","event":"Filling up the DagBag from /opt/airflow/dags/fraud_retraining_dag.py","logger":"airflow.dag_processing.dagbag.BundleDagBag","filename":"dagbag.py","lineno":469}
{"timestamp":"2026-07-03T19:09:45.646331Z","level":"info","event":"Connecting to: fraud-postgres 5432","logger":"dag_processor.stdout"}
{"timestamp":"2026-07-03T19:10:16.200500Z","level":"info","event":"Filling up the DagBag from /opt/airflow/dags/fraud_retraining_dag.py","logger":"airflow.dag_processing.dagbag.BundleDagBag","filename":"dagbag.py","lineno":469}
{"timestamp":"2026-07-03T19:10:18.957671Z","level":"info","event":"Connecting to: fraud-postgres 5432","logger":"dag_processor.stdout"}
{"timestamp":"2026-07-03T19:10:49.625276Z","level":"info","event":"Filling up the DagBag from /opt/airflow/dags/fraud_retraining_dag.py","logger":"airflow.dag_processing.dagbag.BundleDagBag","filename":"dagbag.py","lineno":469}
{"timestamp":"2026-07-03T19:10:52.298428Z","level":"info","event":"Connecting to: fraud-postgres 5432","logger":"dag_processor.stdout"}
{"timestamp":"2026-07-03T19:11:23.723343Z","level":"info","event":"Filling up the DagBag from /opt/airflow/dags/fraud_retraining_dag.py","logger":"airflow.dag_processing.dagbag.BundleDagBag","filename":"dagbag.py","lineno":469}
{"timestamp":"2026-07-03T19:11:26.566855Z","level":"info","event":"Connecting to: fraud-postgres 5432","logger":"dag_processor.stdout"}
{"timestamp":"2026-07-03T19:11:57.091979Z","level":"info","event":"Filling up the DagBag from /opt/airflow/dags/fraud_retraining_dag.py","logger":"airflow.dag_processing.dagbag.BundleDagBag","filename":"dagbag.py","lineno":469}
{"timestamp":"2026-07-03T19:11:59.925651Z","level":"info","event":"Connecting to: fraud-postgres 5432","logger":"dag_processor.stdout"}
{"timestamp":"2026-07-03T19:12:31.260160Z","level":"info","event":"Filling up the DagBag from /opt/airflow/dags/fraud_retraining_dag.py","logger":"airflow.dag_processing.dagbag.BundleDagBag","filename":"dagbag.py","lineno":469}
{"timestamp":"2026-07-03T19:12:34.006522Z","level":"info","event":"Connecting to: fraud-postgres 5432","logger":"dag_processor.stdout"}
{"timestamp":"2026-07-03T19:13:04.513827Z","level":"info","event":"Filling up the DagBag from /opt/airflow/dags/fraud_retraining_dag.py","logger":"airflow.dag_processing.dagbag.BundleDagBag","filename":"dagbag.py","lineno":469}
{"timestamp":"2026-07-03T19:13:08.555185Z","level":"info","event":"Connecting to: fraud-postgres 5432","logger":"dag_processor.stdout"}
{"timestamp":"2026-07-03T19:13:39.808224Z","level":"info","event":"Filling up the DagBag from /opt/airflow/dags/fraud_retraining_dag.py","logger":"airflow.dag_processing.dagbag.BundleDagBag","filename":"dagbag.py","lineno":469}
{"timestamp":"2026-07-03T19:13:42.482022Z","level":"info","event":"Connecting to: fraud-postgres 5432","logger":"dag_processor.stdout"}
{"timestamp":"2026-07-03T19:14:12.950627Z","level":"info","event":"Filling up the DagBag from /opt/airflow/dags/fraud_retraining_dag.py","logger":"airflow.dag_processing.dagbag.BundleDagBag","filename":"dagbag.py","lineno":469}
{"timestamp":"2026-07-03T19:14:16.149871Z","level":"info","event":"Connecting to: fraud-postgres 5432","logger":"dag_processor.stdout"}
{"timestamp":"2026-07-03T19:14:47.578414Z","level":"info","event":"Filling up the DagBag from /opt/airflow/dags/fraud_retraining_dag.py","logger":"airflow.dag_processing.dagbag.BundleDagBag","filename":"dagbag.py","lineno":469}
{"timestamp":"2026-07-03T19:14:50.357404Z","level":"info","event":"Connecting to: fraud-postgres 5432","logger":"dag_processor.stdout"}
{"timestamp":"2026-07-03T19:15:21.611782Z","level":"info","event":"Filling up the DagBag from /opt/airflow/dags/fraud_retraining_dag.py","logger":"airflow.dag_processing.dagbag.BundleDagBag","filename":"dagbag.py","lineno":469}
{"timestamp":"2026-07-03T19:15:25.466894Z","level":"info","event":"Connecting to: fraud-postgres 5432","logger":"dag_processor.stdout"}
{"timestamp":"2026-07-03T19:15:57.156942Z","level":"info","event":"Filling up the DagBag from /opt/airflow/dags/fraud_retraining_dag.py","logger":"airflow.dag_processing.dagbag.BundleDagBag","filename":"dagbag.py","lineno":469}
{"timestamp":"2026-07-03T19:15:59.885470Z","level":"info","event":"Connecting to: fraud-postgres 5432","logger":"dag_processor.stdout"}
{"timestamp":"2026-07-03T19:16:30.506606Z","level":"info","event":"Filling up the DagBag from /opt/airflow/dags/fraud_retraining_dag.py","logger":"airflow.dag_processing.dagbag.BundleDagBag","filename":"dagbag.py","lineno":469}
{"timestamp":"2026-07-03T19:16:33.914135Z","level":"info","event":"Connecting to: fraud-postgres 5432","logger":"dag_processor.stdout"}
{"timestamp":"2026-07-03T19:17:05.301929Z","level":"info","event":"Filling up the DagBag from /opt/airflow/dags/fraud_retraining_dag.py","logger":"airflow.dag_processing.dagbag.BundleDagBag","filename":"dagbag.py","lineno":469}
{"timestamp":"2026-07-03T19:17:08.063575Z","level":"info","event":"Connecting to: fraud-postgres 5432","logger":"dag_processor.stdout"}
{"timestamp":"2026-07-03T19:17:39.360779Z","level":"info","event":"Filling up the DagBag from /opt/airflow/dags/fraud_retraining_dag.py","logger":"airflow.dag_processing.dagbag.BundleDagBag","filename":"dagbag.py","lineno":469}
{"timestamp":"2026-07-03T19:17:42.319359Z","level":"info","event":"Connecting to: fraud-postgres 5432","logger":"dag_processor.stdout"}
{"timestamp":"2026-07-03T19:18:13.394037Z","level":"info","event":"Filling up the DagBag from /opt/airflow/dags/fraud_retraining_dag.py","logger":"airflow.dag_processing.dagbag.BundleDagBag","filename":"dagbag.py","lineno":469}
{"timestamp":"2026-07-03T19:18:16.980647Z","level":"info","event":"Connecting to: fraud-postgres 5432","logger":"dag_processor.stdout"}
{"timestamp":"2026-07-03T19:18:48.543059Z","level":"info","event":"Filling up the DagBag from /opt/airflow/dags/fraud_retraining_dag.py","logger":"airflow.dag_processing.dagbag.BundleDagBag","filename":"dagbag.py","lineno":469}
{"timestamp":"2026-07-03T19:18:54.321286Z","level":"info","event":"Connecting to: fraud-postgres 5432","logger":"dag_processor.stdout"}
{"timestamp":"2026-07-03T19:19:25.327647Z","level":"info","event":"Filling up the DagBag from /opt/airflow/dags/fraud_retraining_dag.py","logger":"airflow.dag_processing.dagbag.BundleDagBag","filename":"dagbag.py","lineno":469}
{"timestamp":"2026-07-03T19:19:28.344378Z","level":"info","event":"Connecting to: fraud-postgres 5432","logger":"dag_processor.stdout"}
{"timestamp":"2026-07-03T19:19:59.036599Z","level":"info","event":"Filling up the DagBag from /opt/airflow/dags/fraud_retraining_dag.py","logger":"airflow.dag_processing.dagbag.BundleDagBag","filename":"dagbag.py","lineno":469}
{"timestamp":"2026-07-03T19:20:09.322278Z","level":"info","event":"Connecting to: fraud-postgres 5432","logger":"dag_processor.stdout"}
{"timestamp":"2026-07-03T19:20:40.898399Z","level":"info","event":"Filling up the DagBag from /opt/airflow/dags/fraud_retraining_dag.py","logger":"airflow.dag_processing.dagbag.BundleDagBag","filename":"dagbag.py","lineno":469}
{"timestamp":"2026-07-03T19:20:44.592893Z","level":"info","event":"Connecting to: fraud-postgres 5432","logger":"dag_processor.stdout"}
{"timestamp":"2026-07-03T19:21:16.004434Z","level":"info","event":"Filling up the DagBag from /opt/airflow/dags/fraud_retraining_dag.py","logger":"airflow.dag_processing.dagbag.BundleDagBag","filename":"dagbag.py","lineno":469}
{"timestamp":"2026-07-03T19:21:19.361310Z","level":"info","event":"Connecting to: fraud-postgres 5432","logger":"dag_processor.stdout"}
{"timestamp":"2026-07-03T19:21:50.833361Z","level":"info","event":"Filling up the DagBag from /opt/airflow/dags/fraud_retraining_dag.py","logger":"airflow.dag_processing.dagbag.BundleDagBag","filename":"dagbag.py","lineno":469}
{"timestamp":"2026-07-03T19:21:54.376956Z","level":"info","event":"Connecting to: fraud-postgres 5432","logger":"dag_processor.stdout"}
{"timestamp":"2026-07-03T19:22:25.648229Z","level":"info","event":"Filling up the DagBag from /opt/airflow/dags/fraud_retraining_dag.py","logger":"airflow.dag_processing.dagbag.BundleDagBag","filename":"dagbag.py","lineno":469}
{"timestamp":"2026-07-03T19:22:28.927680Z","level":"info","event":"Connecting to: fraud-postgres 5432","logger":"dag_processor.stdout"}
{"timestamp":"2026-07-03T19:23:00.287491Z","level":"info","event":"Filling up the DagBag from /opt/airflow/dags/fraud_retraining_dag.py","logger":"airflow.dag_processing.dagbag.BundleDagBag","filename":"dagbag.py","lineno":469}
{"timestamp":"2026-07-03T19:23:04.057537Z","level":"info","event":"Connecting to: fraud-postgres 5432","logger":"dag_processor.stdout"}
{"timestamp":"2026-07-03T19:23:36.442991Z","level":"info","event":"Filling up the DagBag from /opt/airflow/dags/fraud_retraining_dag.py","logger":"airflow.dag_processing.dagbag.BundleDagBag","filename":"dagbag.py","lineno":469}
{"timestamp":"2026-07-03T19:23:39.674029Z","level":"info","event":"Connecting to: fraud-postgres 5432","logger":"dag_processor.stdout"}
{"timestamp":"2026-07-03T19:24:10.844772Z","level":"info","event":"Filling up the DagBag from /opt/airflow/dags/fraud_retraining_dag.py","logger":"airflow.dag_processing.dagbag.BundleDagBag","filename":"dagbag.py","lineno":469}
{"timestamp":"2026-07-03T19:24:15.481289Z","level":"info","event":"Connecting to: fraud-postgres 5432","logger":"dag_processor.stdout"}
{"timestamp":"2026-07-03T19:24:46.161816Z","level":"info","event":"Filling up the DagBag from /opt/airflow/dags/fraud_retraining_dag.py","logger":"airflow.dag_processing.dagbag.BundleDagBag","filename":"dagbag.py","lineno":469}
{"timestamp":"2026-07-03T19:24:49.641523Z","level":"info","event":"Connecting to: fraud-postgres 5432","logger":"dag_processor.stdout"}
{"timestamp":"2026-07-03T19:25:20.539443Z","level":"info","event":"Filling up the DagBag from /opt/airflow/dags/fraud_retraining_dag.py","logger":"airflow.dag_processing.dagbag.BundleDagBag","filename":"dagbag.py","lineno":469}
{"timestamp":"2026-07-03T19:25:25.239505Z","level":"info","event":"Connecting to: fraud-postgres 5432","logger":"dag_processor.stdout"}
{"timestamp":"2026-07-03T19:25:55.978640Z","level":"info","event":"Filling up the DagBag from /opt/airflow/dags/fraud_retraining_dag.py","logger":"airflow.dag_processing.dagbag.BundleDagBag","filename":"dagbag.py","lineno":469}
{"timestamp":"2026-07-03T19:25:59.808816Z","level":"info","event":"Connecting to: fraud-postgres 5432","logger":"dag_processor.stdout"}
{"timestamp":"2026-07-03T19:26:30.482546Z","level":"info","event":"Filling up the DagBag from /opt/airflow/dags/fraud_retraining_dag.py","logger":"airflow.dag_processing.dagbag.BundleDagBag","filename":"dagbag.py","lineno":469}
{"timestamp":"2026-07-03T19:26:33.985773Z","level":"info","event":"Connecting to: fraud-postgres 5432","logger":"dag_processor.stdout"}
{"timestamp":"2026-07-03T19:27:05.304130Z","level":"info","event":"Filling up the DagBag from /opt/airflow/dags/fraud_retraining_dag.py","logger":"airflow.dag_processing.dagbag.BundleDagBag","filename":"dagbag.py","lineno":469}
{"timestamp":"2026-07-03T19:27:08.184389Z","level":"info","event":"Connecting to: fraud-postgres 5432","logger":"dag_processor.stdout"}
{"timestamp":"2026-07-03T19:27:39.650093Z","level":"info","event":"Filling up the DagBag from /opt/airflow/dags/fraud_retraining_dag.py","logger":"airflow.dag_processing.dagbag.BundleDagBag","filename":"dagbag.py","lineno":469}
{"timestamp":"2026-07-03T19:27:47.114638Z","level":"info","event":"Connecting to: fraud-postgres 5432","logger":"dag_processor.stdout"}
{"timestamp":"2026-07-03T19:28:18.327112Z","level":"info","event":"Filling up the DagBag from /opt/airflow/dags/fraud_retraining_dag.py","logger":"airflow.dag_processing.dagbag.BundleDagBag","filename":"dagbag.py","lineno":469}
{"timestamp":"2026-07-03T19:28:21.554753Z","level":"info","event":"Connecting to: fraud-postgres 5432","logger":"dag_processor.stdout"}
{"timestamp":"2026-07-03T19:28:52.136968Z","level":"info","event":"Filling up the DagBag from /opt/airflow/dags/fraud_retraining_dag.py","logger":"airflow.dag_processing.dagbag.BundleDagBag","filename":"dagbag.py","lineno":469}
{"timestamp":"2026-07-03T19:28:56.486036Z","level":"info","event":"Connecting to: fraud-postgres 5432","logger":"dag_processor.stdout"}
{"timestamp":"2026-07-03T19:29:27.694117Z","level":"info","event":"Filling up the DagBag from /opt/airflow/dags/fraud_retraining_dag.py","logger":"airflow.dag_processing.dagbag.BundleDagBag","filename":"dagbag.py","lineno":469}
{"timestamp":"2026-07-03T19:29:31.302142Z","level":"info","event":"Connecting to: fraud-postgres 5432","logger":"dag_processor.stdout"}
{"timestamp":"2026-07-03T19:30:03.072498Z","level":"info","event":"Filling up the DagBag from /opt/airflow/dags/fraud_retraining_dag.py","logger":"airflow.dag_processing.dagbag.BundleDagBag","filename":"dagbag.py","lineno":469}
{"timestamp":"2026-07-03T19:30:07.127327Z","level":"info","event":"Connecting to: fraud-postgres 5432","logger":"dag_processor.stdout"}
{"timestamp":"2026-07-03T19:30:37.726418Z","level":"info","event":"Filling up the DagBag from /opt/airflow/dags/fraud_retraining_dag.py","logger":"airflow.dag_processing.dagbag.BundleDagBag","filename":"dagbag.py","lineno":469}
{"timestamp":"2026-07-03T19:30:41.975290Z","level":"info","event":"Connecting to: fraud-postgres 5432","logger":"dag_processor.stdout"}
{"timestamp":"2026-07-03T19:31:12.687931Z","level":"info","event":"Filling up the DagBag from /opt/airflow/dags/fraud_retraining_dag.py","logger":"airflow.dag_processing.dagbag.BundleDagBag","filename":"dagbag.py","lineno":469}
{"timestamp":"2026-07-03T19:31:16.120646Z","level":"info","event":"Connecting to: fraud-postgres 5432","logger":"dag_processor.stdout"}
{"timestamp":"2026-07-03T19:31:47.370429Z","level":"info","event":"Filling up the DagBag from /opt/airflow/dags/fraud_retraining_dag.py","logger":"airflow.dag_processing.dagbag.BundleDagBag","filename":"dagbag.py","lineno":469}
{"timestamp":"2026-07-03T19:31:50.205311Z","level":"info","event":"Connecting to: fraud-postgres 5432","logger":"dag_processor.stdout"}
{"timestamp":"2026-07-03T19:32:21.476481Z","level":"info","event":"Filling up the DagBag from /opt/airflow/dags/fraud_retraining_dag.py","logger":"airflow.dag_processing.dagbag.BundleDagBag","filename":"dagbag.py","lineno":469}
{"timestamp":"2026-07-03T19:32:24.667771Z","level":"info","event":"Connecting to: fraud-postgres 5432","logger":"dag_processor.stdout"}
{"timestamp":"2026-07-03T19:32:55.919031Z","level":"info","event":"Filling up the DagBag from /opt/airflow/dags/fraud_retraining_dag.py","logger":"airflow.dag_processing.dagbag.BundleDagBag","filename":"dagbag.py","lineno":469}
{"timestamp":"2026-07-03T19:32:59.765978Z","level":"info","event":"Connecting to: fraud-postgres 5432","logger":"dag_processor.stdout"}
{"timestamp":"2026-07-03T19:33:32.139944Z","level":"info","event":"Filling up the DagBag from /opt/airflow/dags/fraud_retraining_dag.py","logger":"airflow.dag_processing.dagbag.BundleDagBag","filename":"dagbag.py","lineno":469}
{"timestamp":"2026-07-03T19:33:34.982847Z","level":"info","event":"Connecting to: fraud-postgres 5432","logger":"dag_processor.stdout"}
{"timestamp":"2026-07-03T19:34:05.602064Z","level":"info","event":"Filling up the DagBag from /opt/airflow/dags/fraud_retraining_dag.py","logger":"airflow.dag_processing.dagbag.BundleDagBag","filename":"dagbag.py","lineno":469}
{"timestamp":"2026-07-03T19:34:08.863902Z","level":"info","event":"Connecting to: fraud-postgres 5432","logger":"dag_processor.stdout"}
{"timestamp":"2026-07-03T19:34:40.241702Z","level":"info","event":"Filling up the DagBag from /opt/airflow/dags/fraud_retraining_dag.py","logger":"airflow.dag_processing.dagbag.BundleDagBag","filename":"dagbag.py","lineno":469}
{"timestamp":"2026-07-03T19:34:43.934785Z","level":"info","event":"Connecting to: fraud-postgres 5432","logger":"dag_processor.stdout"}
{"timestamp":"2026-07-03T19:35:15.457437Z","level":"info","event":"Filling up the DagBag from /opt/airflow/dags/fraud_retraining_dag.py","logger":"airflow.dag_processing.dagbag.BundleDagBag","filename":"dagbag.py","lineno":469}
{"timestamp":"2026-07-03T19:35:18.385539Z","level":"info","event":"Connecting to: fraud-postgres 5432","logger":"dag_processor.stdout"}
{"timestamp":"2026-07-03T19:35:49.115769Z","level":"info","event":"Filling up the DagBag from /opt/airflow/dags/fraud_retraining_dag.py","logger":"airflow.dag_processing.dagbag.BundleDagBag","filename":"dagbag.py","lineno":469}
{"timestamp":"2026-07-03T19:36:02.985723Z","level":"info","event":"Connecting to: fraud-postgres 5432","logger":"dag_processor.stdout"}
{"timestamp":"2026-07-03T19:36:37.762590Z","level":"info","event":"Filling up the DagBag from /opt/airflow/dags/fraud_retraining_dag.py","logger":"airflow.dag_processing.dagbag.BundleDagBag","filename":"dagbag.py","lineno":469}
{"timestamp":"2026-07-03T19:36:45.983485Z","level":"info","event":"Connecting to: fraud-postgres 5432","logger":"dag_processor.stdout"}
{"timestamp":"2026-07-03T19:37:17.087631Z","level":"info","event":"Filling up the DagBag from /opt/airflow/dags/fraud_retraining_dag.py","logger":"airflow.dag_processing.dagbag.BundleDagBag","filename":"dagbag.py","lineno":469}
{"timestamp":"2026-07-03T19:37:21.225686Z","level":"info","event":"Connecting to: fraud-postgres 5432","logger":"dag_processor.stdout"}
{"timestamp":"2026-07-03T19:37:54.483885Z","level":"info","event":"Filling up the DagBag from /opt/airflow/dags/fraud_retraining_dag.py","logger":"airflow.dag_processing.dagbag.BundleDagBag","filename":"dagbag.py","lineno":469}
{"timestamp":"2026-07-03T19:38:01.016828Z","level":"info","event":"Connecting to: fraud-postgres 5432","logger":"dag_processor.stdout"}
{"timestamp":"2026-07-03T19:38:32.779736Z","level":"info","event":"Filling up the DagBag from /opt/airflow/dags/fraud_retraining_dag.py","logger":"airflow.dag_processing.dagbag.BundleDagBag","filename":"dagbag.py","lineno":469}
{"timestamp":"2026-07-03T19:38:36.056907Z","level":"info","event":"Connecting to: fraud-postgres 5432","logger":"dag_processor.stdout"}
{"timestamp":"2026-07-03T19:39:07.468272Z","level":"info","event":"Filling up the DagBag from /opt/airflow/dags/fraud_retraining_dag.py","logger":"airflow.dag_processing.dagbag.BundleDagBag","filename":"dagbag.py","lineno":469}
{"timestamp":"2026-07-03T19:39:21.967371Z","level":"info","event":"Connecting to: fraud-postgres 5432","logger":"dag_processor.stdout"}
{"timestamp":"2026-07-03T19:39:53.516170Z","level":"info","event":"Filling up the DagBag from /opt/airflow/dags/fraud_retraining_dag.py","logger":"airflow.dag_processing.dagbag.BundleDagBag","filename":"dagbag.py","lineno":469}
{"timestamp":"2026-07-03T19:39:57.116197Z","level":"info","event":"Connecting to: fraud-postgres 5432","logger":"dag_processor.stdout"}
{"timestamp":"2026-07-03T19:40:29.336897Z","level":"info","event":"Filling up the DagBag from /opt/airflow/dags/fraud_retraining_dag.py","logger":"airflow.dag_processing.dagbag.BundleDagBag","filename":"dagbag.py","lineno":469}
{"timestamp":"2026-07-03T19:40:42.732320Z","level":"info","event":"Connecting to: fraud-postgres 5432","logger":"dag_processor.stdout"}
{"timestamp":"2026-07-03T19:41:14.619248Z","level":"info","event":"Filling up the DagBag from /opt/airflow/dags/fraud_retraining_dag.py","logger":"airflow.dag_processing.dagbag.BundleDagBag","filename":"dagbag.py","lineno":469}
{"timestamp":"2026-07-03T19:41:19.133311Z","level":"info","event":"Connecting to: fraud-postgres 5432","logger":"dag_processor.stdout"}
{"timestamp":"2026-07-03T19:41:49.840010Z","level":"info","event":"Filling up the DagBag from /opt/airflow/dags/fraud_retraining_dag.py","logger":"airflow.dag_processing.dagbag.BundleDagBag","filename":"dagbag.py","lineno":469}
{"timestamp":"2026-07-03T19:41:53.638108Z","level":"info","event":"Connecting to: fraud-postgres 5432","logger":"dag_processor.stdout"}
{"timestamp":"2026-07-03T19:42:24.378199Z","level":"info","event":"Filling up the DagBag from /opt/airflow/dags/fraud_retraining_dag.py","logger":"airflow.dag_processing.dagbag.BundleDagBag","filename":"dagbag.py","lineno":469}
{"timestamp":"2026-07-03T19:42:29.704115Z","level":"info","event":"Connecting to: fraud-postgres 5432","logger":"dag_processor.stdout"}
{"timestamp":"2026-07-03T19:43:01.287583Z","level":"info","event":"Filling up the DagBag from /opt/airflow/dags/fraud_retraining_dag.py","logger":"airflow.dag_processing.dagbag.BundleDagBag","filename":"dagbag.py","lineno":469}
{"timestamp":"2026-07-03T19:43:04.852855Z","level":"info","event":"Connecting to: fraud-postgres 5432","logger":"dag_processor.stdout"}
{"timestamp":"2026-07-03T19:43:35.465933Z","level":"info","event":"Filling up the DagBag from /opt/airflow/dags/fraud_retraining_dag.py","logger":"airflow.dag_processing.dagbag.BundleDagBag","filename":"dagbag.py","lineno":469}
{"timestamp":"2026-07-03T19:43:40.827956Z","level":"info","event":"Connecting to: fraud-postgres 5432","logger":"dag_processor.stdout"}
{"timestamp":"2026-07-03T19:44:19.740189Z","level":"info","event":"Filling up the DagBag from /opt/airflow/dags/fraud_retraining_dag.py","logger":"airflow.dag_processing.dagbag.BundleDagBag","filename":"dagbag.py","lineno":469}
{"timestamp":"2026-07-03T19:44:23.233755Z","level":"info","event":"Connecting to: fraud-postgres 5432","logger":"dag_processor.stdout"}
{"timestamp":"2026-07-03T19:44:54.581201Z","level":"info","event":"Filling up the DagBag from /opt/airflow/dags/fraud_retraining_dag.py","logger":"airflow.dag_processing.dagbag.BundleDagBag","filename":"dagbag.py","lineno":469}
{"timestamp":"2026-07-03T19:44:58.058605Z","level":"info","event":"Connecting to: fraud-postgres 5432","logger":"dag_processor.stdout"}
{"timestamp":"2026-07-03T19:45:28.958462Z","level":"info","event":"Filling up the DagBag from /opt/airflow/dags/fraud_retraining_dag.py","logger":"airflow.dag_processing.dagbag.BundleDagBag","filename":"dagbag.py","lineno":469}
{"timestamp":"2026-07-03T19:45:32.715777Z","level":"info","event":"Connecting to: fraud-postgres 5432","logger":"dag_processor.stdout"}
{"timestamp":"2026-07-03T19:46:03.964757Z","level":"info","event":"Filling up the DagBag from /opt/airflow/dags/fraud_retraining_dag.py","logger":"airflow.dag_processing.dagbag.BundleDagBag","filename":"dagbag.py","lineno":469}
{"timestamp":"2026-07-03T19:46:07.804603Z","level":"info","event":"Connecting to: fraud-postgres 5432","logger":"dag_processor.stdout"}
{"timestamp":"2026-07-03T19:46:40.658365Z","level":"info","event":"Filling up the DagBag from /opt/airflow/dags/fraud_retraining_dag.py","logger":"airflow.dag_processing.dagbag.BundleDagBag","filename":"dagbag.py","lineno":469}
{"timestamp":"2026-07-03T19:46:44.223631Z","level":"info","event":"Connecting to: fraud-postgres 5432","logger":"dag_processor.stdout"}
{"timestamp":"2026-07-03T19:47:14.971828Z","level":"info","event":"Filling up the DagBag from /opt/airflow/dags/fraud_retraining_dag.py","logger":"airflow.dag_processing.dagbag.BundleDagBag","filename":"dagbag.py","lineno":469}
{"timestamp":"2026-07-03T19:47:19.045450Z","level":"info","event":"Connecting to: fraud-postgres 5432","logger":"dag_processor.stdout"}
{"timestamp":"2026-07-03T19:47:50.488492Z","level":"info","event":"Filling up the DagBag from /opt/airflow/dags/fraud_retraining_dag.py","logger":"airflow.dag_processing.dagbag.BundleDagBag","filename":"dagbag.py","lineno":469}
{"timestamp":"2026-07-03T19:47:53.801152Z","level":"info","event":"Connecting to: fraud-postgres 5432","logger":"dag_processor.stdout"}
{"timestamp":"2026-07-03T19:48:25.119585Z","level":"info","event":"Filling up the DagBag from /opt/airflow/dags/fraud_retraining_dag.py","logger":"airflow.dag_processing.dagbag.BundleDagBag","filename":"dagbag.py","lineno":469}
{"timestamp":"2026-07-03T19:48:29.036143Z","level":"info","event":"Connecting to: fraud-postgres 5432","logger":"dag_processor.stdout"}
{"timestamp":"2026-07-03T19:49:01.260654Z","level":"info","event":"Filling up the DagBag from /opt/airflow/dags/fraud_retraining_dag.py","logger":"airflow.dag_processing.dagbag.BundleDagBag","filename":"dagbag.py","lineno":469}
{"timestamp":"2026-07-03T19:49:06.303608Z","level":"info","event":"Connecting to: fraud-postgres 5432","logger":"dag_processor.stdout"}
{"timestamp":"2026-07-03T19:49:37.131903Z","level":"info","event":"Filling up the DagBag from /opt/airflow/dags/fraud_retraining_dag.py","logger":"airflow.dag_processing.dagbag.BundleDagBag","filename":"dagbag.py","lineno":469}
{"timestamp":"2026-07-03T19:49:44.308495Z","level":"info","event":"Connecting to: fraud-postgres 5432","logger":"dag_processor.stdout"}
{"timestamp":"2026-07-03T19:50:15.782361Z","level":"info","event":"Filling up the DagBag from /opt/airflow/dags/fraud_retraining_dag.py","logger":"airflow.dag_processing.dagbag.BundleDagBag","filename":"dagbag.py","lineno":469}
{"timestamp":"2026-07-03T19:50:19.786330Z","level":"info","event":"Connecting to: fraud-postgres 5432","logger":"dag_processor.stdout"}
{"timestamp":"2026-07-03T19:50:50.354939Z","level":"info","event":"Filling up the DagBag from /opt/airflow/dags/fraud_retraining_dag.py","logger":"airflow.dag_processing.dagbag.BundleDagBag","filename":"dagbag.py","lineno":469}
{"timestamp":"2026-07-03T19:50:55.042629Z","level":"info","event":"Connecting to: fraud-postgres 5432","logger":"dag_processor.stdout"}
{"timestamp":"2026-07-03T19:51:26.523769Z","level":"info","event":"Filling up the DagBag from /opt/airflow/dags/fraud_retraining_dag.py","logger":"airflow.dag_processing.dagbag.BundleDagBag","filename":"dagbag.py","lineno":469}
{"timestamp":"2026-07-03T19:51:30.027691Z","level":"info","event":"Connecting to: fraud-postgres 5432","logger":"dag_processor.stdout"}
{"timestamp":"2026-07-03T19:52:01.293772Z","level":"info","event":"Filling up the DagBag from /opt/airflow/dags/fraud_retraining_dag.py","logger":"airflow.dag_processing.dagbag.BundleDagBag","filename":"dagbag.py","lineno":469}
{"timestamp":"2026-07-03T19:52:04.913924Z","level":"info","event":"Connecting to: fraud-postgres 5432","logger":"dag_processor.stdout"}
{"timestamp":"2026-07-03T19:52:36.161451Z","level":"info","event":"Filling up the DagBag from /opt/airflow/dags/fraud_retraining_dag.py","logger":"airflow.dag_processing.dagbag.BundleDagBag","filename":"dagbag.py","lineno":469}
{"timestamp":"2026-07-03T19:52:39.789243Z","level":"info","event":"Connecting to: fraud-postgres 5432","logger":"dag_processor.stdout"}
{"timestamp":"2026-07-03T19:53:10.670971Z","level":"info","event":"Filling up the DagBag from /opt/airflow/dags/fraud_retraining_dag.py","logger":"airflow.dag_processing.dagbag.BundleDagBag","filename":"dagbag.py","lineno":469}
{"timestamp":"2026-07-03T19:53:20.582275Z","level":"info","event":"Connecting to: fraud-postgres 5432","logger":"dag_processor.stdout"}
{"timestamp":"2026-07-03T19:53:51.293257Z","level":"info","event":"Filling up the DagBag from /opt/airflow/dags/fraud_retraining_dag.py","logger":"airflow.dag_processing.dagbag.BundleDagBag","filename":"dagbag.py","lineno":469}
{"timestamp":"2026-07-03T19:53:55.154012Z","level":"info","event":"Connecting to: fraud-postgres 5432","logger":"dag_processor.stdout"}
{"timestamp":"2026-07-03T19:54:26.337757Z","level":"info","event":"Filling up the DagBag from /opt/airflow/dags/fraud_retraining_dag.py","logger":"airflow.dag_processing.dagbag.BundleDagBag","filename":"dagbag.py","lineno":469}
{"timestamp":"2026-07-03T19:54:31.295716Z","level":"info","event":"Connecting to: fraud-postgres 5432","logger":"dag_processor.stdout"}
{"timestamp":"2026-07-03T19:55:02.494707Z","level":"info","event":"Filling up the DagBag from /opt/airflow/dags/fraud_retraining_dag.py","logger":"airflow.dag_processing.dagbag.BundleDagBag","filename":"dagbag.py","lineno":469}
{"timestamp":"2026-07-03T19:55:06.081799Z","level":"info","event":"Connecting to: fraud-postgres 5432","logger":"dag_processor.stdout"}
{"timestamp":"2026-07-03T19:55:37.486504Z","level":"info","event":"Filling up the DagBag from /opt/airflow/dags/fraud_retraining_dag.py","logger":"airflow.dag_processing.dagbag.BundleDagBag","filename":"dagbag.py","lineno":469}
{"timestamp":"2026-07-03T19:55:42.309090Z","level":"info","event":"Connecting to: fraud-postgres 5432","logger":"dag_processor.stdout"}
{"timestamp":"2026-07-03T19:56:13.877232Z","level":"info","event":"Filling up the DagBag from /opt/airflow/dags/fraud_retraining_dag.py","logger":"airflow.dag_processing.dagbag.BundleDagBag","filename":"dagbag.py","lineno":469}
{"timestamp":"2026-07-03T19:56:25.980767Z","level":"info","event":"Connecting to: fraud-postgres 5432","logger":"dag_processor.stdout"}
{"timestamp":"2026-07-03T19:56:57.059787Z","level":"info","event":"Filling up the DagBag from /opt/airflow/dags/fraud_retraining_dag.py","logger":"airflow.dag_processing.dagbag.BundleDagBag","filename":"dagbag.py","lineno":469}
{"timestamp":"2026-07-03T19:57:02.431875Z","level":"info","event":"Connecting to: fraud-postgres 5432","logger":"dag_processor.stdout"}
{"timestamp":"2026-07-03T19:57:33.294242Z","level":"info","event":"Filling up the DagBag from /opt/airflow/dags/fraud_retraining_dag.py","logger":"airflow.dag_processing.dagbag.BundleDagBag","filename":"dagbag.py","lineno":469}
{"timestamp":"2026-07-03T19:57:44.443078Z","level":"info","event":"Connecting to: fraud-postgres 5432","logger":"dag_processor.stdout"}
{"timestamp":"2026-07-03T19:58:16.142296Z","level":"info","event":"Filling up the DagBag from /opt/airflow/dags/fraud_retraining_dag.py","logger":"airflow.dag_processing.dagbag.BundleDagBag","filename":"dagbag.py","lineno":469}
{"timestamp":"2026-07-03T19:58:20.707645Z","level":"info","event":"Connecting to: fraud-postgres 5432","logger":"dag_processor.stdout"}
{"timestamp":"2026-07-03T19:58:52.028798Z","level":"info","event":"Filling up the DagBag from /opt/airflow/dags/fraud_retraining_dag.py","logger":"airflow.dag_processing.dagbag.BundleDagBag","filename":"dagbag.py","lineno":469}
{"timestamp":"2026-07-03T19:58:55.608791Z","level":"info","event":"Connecting to: fraud-postgres 5432","logger":"dag_processor.stdout"}
{"timestamp":"2026-07-03T19:59:26.991279Z","level":"info","event":"Filling up the DagBag from /opt/airflow/dags/fraud_retraining_dag.py","logger":"airflow.dag_processing.dagbag.BundleDagBag","filename":"dagbag.py","lineno":469}
{"timestamp":"2026-07-03T19:59:30.651452Z","level":"info","event":"Connecting to: fraud-postgres 5432","logger":"dag_processor.stdout"}
{"timestamp":"2026-07-03T20:00:01.973182Z","level":"info","event":"Filling up the DagBag from /opt/airflow/dags/fraud_retraining_dag.py","logger":"airflow.dag_processing.dagbag.BundleDagBag","filename":"dagbag.py","lineno":469}
{"timestamp":"2026-07-03T20:00:05.992080Z","level":"info","event":"Connecting to: fraud-postgres 5432","logger":"dag_processor.stdout"}
{"timestamp":"2026-07-03T20:00:37.272314Z","level":"info","event":"Filling up the DagBag from /opt/airflow/dags/fraud_retraining_dag.py","logger":"airflow.dag_processing.dagbag.BundleDagBag","filename":"dagbag.py","lineno":469}
{"timestamp":"2026-07-03T20:00:40.777914Z","level":"info","event":"Connecting to: fraud-postgres 5432","logger":"dag_processor.stdout"}
{"timestamp":"2026-07-03T20:01:12.619530Z","level":"info","event":"Filling up the DagBag from /opt/airflow/dags/fraud_retraining_dag.py","logger":"airflow.dag_processing.dagbag.BundleDagBag","filename":"dagbag.py","lineno":469}
{"timestamp":"2026-07-03T20:01:16.202303Z","level":"info","event":"Connecting to: fraud-postgres 5432","logger":"dag_processor.stdout"}
{"timestamp":"2026-07-03T20:01:47.819592Z","level":"info","event":"Filling up the DagBag from /opt/airflow/dags/fraud_retraining_dag.py","logger":"airflow.dag_processing.dagbag.BundleDagBag","filename":"dagbag.py","lineno":469}
{"timestamp":"2026-07-03T20:01:50.807617Z","level":"info","event":"Connecting to: fraud-postgres 5432","logger":"dag_processor.stdout"}
{"timestamp":"2026-07-03T20:02:22.145464Z","level":"info","event":"Filling up the DagBag from /opt/airflow/dags/fraud_retraining_dag.py","logger":"airflow.dag_processing.dagbag.BundleDagBag","filename":"dagbag.py","lineno":469}
{"timestamp":"2026-07-03T20:02:24.999913Z","level":"info","event":"Connecting to: fraud-postgres 5432","logger":"dag_processor.stdout"}
{"timestamp":"2026-07-03T20:02:55.939769Z","level":"info","event":"Filling up the DagBag from /opt/airflow/dags/fraud_retraining_dag.py","logger":"airflow.dag_processing.dagbag.BundleDagBag","filename":"dagbag.py","lineno":469}
{"timestamp":"2026-07-03T20:03:01.497043Z","level":"info","event":"Connecting to: fraud-postgres 5432","logger":"dag_processor.stdout"}
{"timestamp":"2026-07-03T20:03:32.888668Z","level":"info","event":"Filling up the DagBag from /opt/airflow/dags/fraud_retraining_dag.py","logger":"airflow.dag_processing.dagbag.BundleDagBag","filename":"dagbag.py","lineno":469}
{"timestamp":"2026-07-03T20:03:35.791548Z","level":"info","event":"Connecting to: fraud-postgres 5432","logger":"dag_processor.stdout"}
{"timestamp":"2026-07-03T20:04:06.363893Z","level":"info","event":"Filling up the DagBag from /opt/airflow/dags/fraud_retraining_dag.py","logger":"airflow.dag_processing.dagbag.BundleDagBag","filename":"dagbag.py","lineno":469}
{"timestamp":"2026-07-03T20:04:09.425484Z","level":"info","event":"Connecting to: fraud-postgres 5432","logger":"dag_processor.stdout"}
{"timestamp":"2026-07-03T20:04:40.772135Z","level":"info","event":"Filling up the DagBag from /opt/airflow/dags/fraud_retraining_dag.py","logger":"airflow.dag_processing.dagbag.BundleDagBag","filename":"dagbag.py","lineno":469}
{"timestamp":"2026-07-03T20:04:43.675001Z","level":"info","event":"Connecting to: fraud-postgres 5432","logger":"dag_processor.stdout"}
{"timestamp":"2026-07-03T20:05:14.912257Z","level":"info","event":"Filling up the DagBag from /opt/airflow/dags/fraud_retraining_dag.py","logger":"airflow.dag_processing.dagbag.BundleDagBag","filename":"dagbag.py","lineno":469}
{"timestamp":"2026-07-03T20:05:17.750968Z","level":"info","event":"Connecting to: fraud-postgres 5432","logger":"dag_processor.stdout"}
{"timestamp":"2026-07-03T20:05:49.393237Z","level":"info","event":"Filling up the DagBag from /opt/airflow/dags/fraud_retraining_dag.py","logger":"airflow.dag_processing.dagbag.BundleDagBag","filename":"dagbag.py","lineno":469}
{"timestamp":"2026-07-03T20:05:52.315416Z","level":"info","event":"Connecting to: fraud-postgres 5432","logger":"dag_processor.stdout"}
{"timestamp":"2026-07-03T20:06:23.832281Z","level":"info","event":"Filling up the DagBag from /opt/airflow/dags/fraud_retraining_dag.py","logger":"airflow.dag_processing.dagbag.BundleDagBag","filename":"dagbag.py","lineno":469}
{"timestamp":"2026-07-03T20:06:26.710729Z","level":"info","event":"Connecting to: fraud-postgres 5432","logger":"dag_processor.stdout"}
{"timestamp":"2026-07-03T20:06:58.450749Z","level":"info","event":"Filling up the DagBag from /opt/airflow/dags/fraud_retraining_dag.py","logger":"airflow.dag_processing.dagbag.BundleDagBag","filename":"dagbag.py","lineno":469}
{"timestamp":"2026-07-03T20:07:02.777202Z","level":"info","event":"Connecting to: fraud-postgres 5432","logger":"dag_processor.stdout"}
{"timestamp":"2026-07-03T20:07:34.264214Z","level":"info","event":"Filling up the DagBag from /opt/airflow/dags/fraud_retraining_dag.py","logger":"airflow.dag_processing.dagbag.BundleDagBag","filename":"dagbag.py","lineno":469}
{"timestamp":"2026-07-03T20:07:37.220534Z","level":"info","event":"Connecting to: fraud-postgres 5432","logger":"dag_processor.stdout"}
{"timestamp":"2026-07-03T20:08:08.893572Z","level":"info","event":"Filling up the DagBag from /opt/airflow/dags/fraud_retraining_dag.py","logger":"airflow.dag_processing.dagbag.BundleDagBag","filename":"dagbag.py","lineno":469}
{"timestamp":"2026-07-03T20:08:12.491854Z","level":"info","event":"Connecting to: fraud-postgres 5432","logger":"dag_processor.stdout"}
{"timestamp":"2026-07-03T20:08:43.708797Z","level":"info","event":"Filling up the DagBag from /opt/airflow/dags/fraud_retraining_dag.py","logger":"airflow.dag_processing.dagbag.BundleDagBag","filename":"dagbag.py","lineno":469}
{"timestamp":"2026-07-03T20:08:46.602314Z","level":"info","event":"Connecting to: fraud-postgres 5432","logger":"dag_processor.stdout"}
{"timestamp":"2026-07-03T20:09:17.771909Z","level":"info","event":"Filling up the DagBag from /opt/airflow/dags/fraud_retraining_dag.py","logger":"airflow.dag_processing.dagbag.BundleDagBag","filename":"dagbag.py","lineno":469}
{"timestamp":"2026-07-03T20:09:20.906439Z","level":"info","event":"Connecting to: fraud-postgres 5432","logger":"dag_processor.stdout"}
{"timestamp":"2026-07-03T20:09:52.137686Z","level":"info","event":"Filling up the DagBag from /opt/airflow/dags/fraud_retraining_dag.py","logger":"airflow.dag_processing.dagbag.BundleDagBag","filename":"dagbag.py","lineno":469}
{"timestamp":"2026-07-03T20:09:55.283082Z","level":"info","event":"Connecting to: fraud-postgres 5432","logger":"dag_processor.stdout"}
{"timestamp":"2026-07-03T20:10:26.592942Z","level":"info","event":"Filling up the DagBag from /opt/airflow/dags/fraud_retraining_dag.py","logger":"airflow.dag_processing.dagbag.BundleDagBag","filename":"dagbag.py","lineno":469}
{"timestamp":"2026-07-03T20:10:29.699466Z","level":"info","event":"Connecting to: fraud-postgres 5432","logger":"dag_processor.stdout"}
{"timestamp":"2026-07-03T20:11:01.944903Z","level":"info","event":"Filling up the DagBag from /opt/airflow/dags/fraud_retraining_dag.py","logger":"airflow.dag_processing.dagbag.BundleDagBag","filename":"dagbag.py","lineno":469}
{"timestamp":"2026-07-03T20:11:04.763714Z","level":"info","event":"Connecting to: fraud-postgres 5432","logger":"dag_processor.stdout"}
{"timestamp":"2026-07-03T20:11:36.195816Z","level":"info","event":"Filling up the DagBag from /opt/airflow/dags/fraud_retraining_dag.py","logger":"airflow.dag_processing.dagbag.BundleDagBag","filename":"dagbag.py","lineno":469}
{"timestamp":"2026-07-03T20:11:41.390516Z","level":"info","event":"Connecting to: fraud-postgres 5432","logger":"dag_processor.stdout"}
{"timestamp":"2026-07-03T20:12:14.644139Z","level":"info","event":"Filling up the DagBag from /opt/airflow/dags/fraud_retraining_dag.py","logger":"airflow.dag_processing.dagbag.BundleDagBag","filename":"dagbag.py","lineno":469}
{"timestamp":"2026-07-03T20:12:21.600720Z","level":"info","event":"Connecting to: fraud-postgres 5432","logger":"dag_processor.stdout"}
{"timestamp":"2026-07-03T20:12:52.892432Z","level":"info","event":"Filling up the DagBag from /opt/airflow/dags/fraud_retraining_dag.py","logger":"airflow.dag_processing.dagbag.BundleDagBag","filename":"dagbag.py","lineno":469}
{"timestamp":"2026-07-03T20:12:55.804806Z","level":"info","event":"Connecting to: fraud-postgres 5432","logger":"dag_processor.stdout"}
{"timestamp":"2026-07-03T20:13:26.495596Z","level":"info","event":"Filling up the DagBag from /opt/airflow/dags/fraud_retraining_dag.py","logger":"airflow.dag_processing.dagbag.BundleDagBag","filename":"dagbag.py","lineno":469}
{"timestamp":"2026-07-03T20:13:30.017624Z","level":"info","event":"Connecting to: fraud-postgres 5432","logger":"dag_processor.stdout"}
{"timestamp":"2026-07-03T20:14:02.063493Z","level":"info","event":"Filling up the DagBag from /opt/airflow/dags/fraud_retraining_dag.py","logger":"airflow.dag_processing.dagbag.BundleDagBag","filename":"dagbag.py","lineno":469}
{"timestamp":"2026-07-03T20:14:09.832657Z","level":"info","event":"Connecting to: fraud-postgres 5432","logger":"dag_processor.stdout"}
{"timestamp":"2026-07-03T20:14:40.713033Z","level":"info","event":"Filling up the DagBag from /opt/airflow/dags/fraud_retraining_dag.py","logger":"airflow.dag_processing.dagbag.BundleDagBag","filename":"dagbag.py","lineno":469}
{"timestamp":"2026-07-03T20:14:44.301271Z","level":"info","event":"Connecting to: fraud-postgres 5432","logger":"dag_processor.stdout"}
{"timestamp":"2026-07-03T20:15:16.066833Z","level":"info","event":"Filling up the DagBag from /opt/airflow/dags/fraud_retraining_dag.py","logger":"airflow.dag_processing.dagbag.BundleDagBag","filename":"dagbag.py","lineno":469}
{"timestamp":"2026-07-03T20:15:19.132957Z","level":"info","event":"Connecting to: fraud-postgres 5432","logger":"dag_processor.stdout"}
{"timestamp":"2026-07-03T20:15:49.984873Z","level":"info","event":"Filling up the DagBag from /opt/airflow/dags/fraud_retraining_dag.py","logger":"airflow.dag_processing.dagbag.BundleDagBag","filename":"dagbag.py","lineno":469}
{"timestamp":"2026-07-03T20:15:53.525987Z","level":"info","event":"Connecting to: fraud-postgres 5432","logger":"dag_processor.stdout"}
{"timestamp":"2026-07-03T20:16:24.748535Z","level":"info","event":"Filling up the DagBag from /opt/airflow/dags/fraud_retraining_dag.py","logger":"airflow.dag_processing.dagbag.BundleDagBag","filename":"dagbag.py","lineno":469}
{"timestamp":"2026-07-03T20:16:27.973822Z","level":"info","event":"Connecting to: fraud-postgres 5432","logger":"dag_processor.stdout"}
{"timestamp":"2026-07-03T20:16:58.615053Z","level":"info","event":"Filling up the DagBag from /opt/airflow/dags/fraud_retraining_dag.py","logger":"airflow.dag_processing.dagbag.BundleDagBag","filename":"dagbag.py","lineno":469}
{"timestamp":"2026-07-03T20:17:02.186965Z","level":"info","event":"Connecting to: fraud-postgres 5432","logger":"dag_processor.stdout"}
{"timestamp":"2026-07-03T20:17:32.741771Z","level":"info","event":"Filling up the DagBag from /opt/airflow/dags/fraud_retraining_dag.py","logger":"airflow.dag_processing.dagbag.BundleDagBag","filename":"dagbag.py","lineno":469}
{"timestamp":"2026-07-03T20:17:35.614516Z","level":"info","event":"Connecting to: fraud-postgres 5432","logger":"dag_processor.stdout"}
{"timestamp":"2026-07-03T20:18:06.971191Z","level":"info","event":"Filling up the DagBag from /opt/airflow/dags/fraud_retraining_dag.py","logger":"airflow.dag_processing.dagbag.BundleDagBag","filename":"dagbag.py","lineno":469}
{"timestamp":"2026-07-03T20:18:10.167574Z","level":"info","event":"Connecting to: fraud-postgres 5432","logger":"dag_processor.stdout"}
{"timestamp":"2026-07-03T20:18:41.044422Z","level":"info","event":"Filling up the DagBag from /opt/airflow/dags/fraud_retraining_dag.py","logger":"airflow.dag_processing.dagbag.BundleDagBag","filename":"dagbag.py","lineno":469}
{"timestamp":"2026-07-03T20:18:44.502799Z","level":"info","event":"Connecting to: fraud-postgres 5432","logger":"dag_processor.stdout"}
{"timestamp":"2026-07-03T20:19:15.167599Z","level":"info","event":"Filling up the DagBag from /opt/airflow/dags/fraud_retraining_dag.py","logger":"airflow.dag_processing.dagbag.BundleDagBag","filename":"dagbag.py","lineno":469}
{"timestamp":"2026-07-03T20:19:18.959434Z","level":"info","event":"Connecting to: fraud-postgres 5432","logger":"dag_processor.stdout"}
{"timestamp":"2026-07-03T20:19:49.761010Z","level":"info","event":"Filling up the DagBag from /opt/airflow/dags/fraud_retraining_dag.py","logger":"airflow.dag_processing.dagbag.BundleDagBag","filename":"dagbag.py","lineno":469}
{"timestamp":"2026-07-03T20:19:52.823666Z","level":"info","event":"Connecting to: fraud-postgres 5432","logger":"dag_processor.stdout"}
{"timestamp":"2026-07-03T20:20:24.105747Z","level":"info","event":"Filling up the DagBag from /opt/airflow/dags/fraud_retraining_dag.py","logger":"airflow.dag_processing.dagbag.BundleDagBag","filename":"dagbag.py","lineno":469}
{"timestamp":"2026-07-03T20:20:27.408238Z","level":"info","event":"Connecting to: fraud-postgres 5432","logger":"dag_processor.stdout"}
{"timestamp":"2026-07-03T20:20:58.795337Z","level":"info","event":"Filling up the DagBag from /opt/airflow/dags/fraud_retraining_dag.py","logger":"airflow.dag_processing.dagbag.BundleDagBag","filename":"dagbag.py","lineno":469}
{"timestamp":"2026-07-03T20:21:02.127184Z","level":"info","event":"Connecting to: fraud-postgres 5432","logger":"dag_processor.stdout"}
{"timestamp":"2026-07-03T20:21:32.984182Z","level":"info","event":"Filling up the DagBag from /opt/airflow/dags/fraud_retraining_dag.py","logger":"airflow.dag_processing.dagbag.BundleDagBag","filename":"dagbag.py","lineno":469}
{"timestamp":"2026-07-03T20:21:36.173152Z","level":"info","event":"Connecting to: fraud-postgres 5432","logger":"dag_processor.stdout"}
{"timestamp":"2026-07-03T20:22:06.703316Z","level":"info","event":"Filling up the DagBag from /opt/airflow/dags/fraud_retraining_dag.py","logger":"airflow.dag_processing.dagbag.BundleDagBag","filename":"dagbag.py","lineno":469}
{"timestamp":"2026-07-03T20:22:09.797051Z","level":"info","event":"Connecting to: fraud-postgres 5432","logger":"dag_processor.stdout"}
{"timestamp":"2026-07-03T20:22:41.257170Z","level":"info","event":"Filling up the DagBag from /opt/airflow/dags/fraud_retraining_dag.py","logger":"airflow.dag_processing.dagbag.BundleDagBag","filename":"dagbag.py","lineno":469}
{"timestamp":"2026-07-03T20:22:44.217363Z","level":"info","event":"Connecting to: fraud-postgres 5432","logger":"dag_processor.stdout"}
{"timestamp":"2026-07-03T20:23:15.590603Z","level":"info","event":"Filling up the DagBag from /opt/airflow/dags/fraud_retraining_dag.py","logger":"airflow.dag_processing.dagbag.BundleDagBag","filename":"dagbag.py","lineno":469}
{"timestamp":"2026-07-03T20:23:18.484341Z","level":"info","event":"Connecting to: fraud-postgres 5432","logger":"dag_processor.stdout"}
{"timestamp":"2026-07-03T20:23:49.937354Z","level":"info","event":"Filling up the DagBag from /opt/airflow/dags/fraud_retraining_dag.py","logger":"airflow.dag_processing.dagbag.BundleDagBag","filename":"dagbag.py","lineno":469}
{"timestamp":"2026-07-03T20:23:52.825667Z","level":"info","event":"Connecting to: fraud-postgres 5432","logger":"dag_processor.stdout"}
{"timestamp":"2026-07-03T20:24:23.305125Z","level":"info","event":"Filling up the DagBag from /opt/airflow/dags/fraud_retraining_dag.py","logger":"airflow.dag_processing.dagbag.BundleDagBag","filename":"dagbag.py","lineno":469}
{"timestamp":"2026-07-03T20:24:26.246936Z","level":"info","event":"Connecting to: fraud-postgres 5432","logger":"dag_processor.stdout"}
{"timestamp":"2026-07-03T20:24:56.711293Z","level":"info","event":"Filling up the DagBag from /opt/airflow/dags/fraud_retraining_dag.py","logger":"airflow.dag_processing.dagbag.BundleDagBag","filename":"dagbag.py","lineno":469}
{"timestamp":"2026-07-03T20:24:59.756644Z","level":"info","event":"Connecting to: fraud-postgres 5432","logger":"dag_processor.stdout"}
{"timestamp":"2026-07-03T20:25:31.073069Z","level":"info","event":"Filling up the DagBag from /opt/airflow/dags/fraud_retraining_dag.py","logger":"airflow.dag_processing.dagbag.BundleDagBag","filename":"dagbag.py","lineno":469}
{"timestamp":"2026-07-03T20:25:34.059520Z","level":"info","event":"Connecting to: fraud-postgres 5432","logger":"dag_processor.stdout"}
{"timestamp":"2026-07-03T20:26:05.363833Z","level":"info","event":"Filling up the DagBag from /opt/airflow/dags/fraud_retraining_dag.py","logger":"airflow.dag_processing.dagbag.BundleDagBag","filename":"dagbag.py","lineno":469}
{"timestamp":"2026-07-03T20:26:08.240522Z","level":"info","event":"Connecting to: fraud-postgres 5432","logger":"dag_processor.stdout"}
{"timestamp":"2026-07-03T20:26:38.859974Z","level":"info","event":"Filling up the DagBag from /opt/airflow/dags/fraud_retraining_dag.py","logger":"airflow.dag_processing.dagbag.BundleDagBag","filename":"dagbag.py","lineno":469}
{"timestamp":"2026-07-03T20:26:41.919116Z","level":"info","event":"Connecting to: fraud-postgres 5432","logger":"dag_processor.stdout"}
{"timestamp":"2026-07-03T20:27:13.234403Z","level":"info","event":"Filling up the DagBag from /opt/airflow/dags/fraud_retraining_dag.py","logger":"airflow.dag_processing.dagbag.BundleDagBag","filename":"dagbag.py","lineno":469}
{"timestamp":"2026-07-03T20:27:16.192222Z","level":"info","event":"Connecting to: fraud-postgres 5432","logger":"dag_processor.stdout"}
{"timestamp":"2026-07-03T20:27:47.427070Z","level":"info","event":"Filling up the DagBag from /opt/airflow/dags/fraud_retraining_dag.py","logger":"airflow.dag_processing.dagbag.BundleDagBag","filename":"dagbag.py","lineno":469}
{"timestamp":"2026-07-03T20:27:50.527877Z","level":"info","event":"Connecting to: fraud-postgres 5432","logger":"dag_processor.stdout"}
{"timestamp":"2026-07-03T20:28:21.774132Z","level":"info","event":"Filling up the DagBag from /opt/airflow/dags/fraud_retraining_dag.py","logger":"airflow.dag_processing.dagbag.BundleDagBag","filename":"dagbag.py","lineno":469}
{"timestamp":"2026-07-03T20:28:24.600400Z","level":"info","event":"Connecting to: fraud-postgres 5432","logger":"dag_processor.stdout"}
{"timestamp":"2026-07-03T20:28:55.995171Z","level":"info","event":"Filling up the DagBag from /opt/airflow/dags/fraud_retraining_dag.py","logger":"airflow.dag_processing.dagbag.BundleDagBag","filename":"dagbag.py","lineno":469}
{"timestamp":"2026-07-03T20:28:58.573748Z","level":"info","event":"Connecting to: fraud-postgres 5432","logger":"dag_processor.stdout"}
{"timestamp":"2026-07-03T20:29:29.907106Z","level":"info","event":"Filling up the DagBag from /opt/airflow/dags/fraud_retraining_dag.py","logger":"airflow.dag_processing.dagbag.BundleDagBag","filename":"dagbag.py","lineno":469}
{"timestamp":"2026-07-03T20:29:32.482646Z","level":"info","event":"Connecting to: fraud-postgres 5432","logger":"dag_processor.stdout"}
{"timestamp":"2026-07-03T20:30:03.161933Z","level":"info","event":"Filling up the DagBag from /opt/airflow/dags/fraud_retraining_dag.py","logger":"airflow.dag_processing.dagbag.BundleDagBag","filename":"dagbag.py","lineno":469}
{"timestamp":"2026-07-03T20:30:06.723750Z","level":"info","event":"Connecting to: fraud-postgres 5432","logger":"dag_processor.stdout"}
{"timestamp":"2026-07-03T20:30:40.503539Z","level":"info","event":"Filling up the DagBag from /opt/airflow/dags/fraud_retraining_dag.py","logger":"airflow.dag_processing.dagbag.BundleDagBag","filename":"dagbag.py","lineno":469}
{"timestamp":"2026-07-03T20:30:52.024331Z","level":"info","event":"Connecting to: fraud-postgres 5432","logger":"dag_processor.stdout"}
{"timestamp":"2026-07-03T20:31:23.404000Z","level":"info","event":"Filling up the DagBag from /opt/airflow/dags/fraud_retraining_dag.py","logger":"airflow.dag_processing.dagbag.BundleDagBag","filename":"dagbag.py","lineno":469}
{"timestamp":"2026-07-03T20:31:26.122173Z","level":"info","event":"Connecting to: fraud-postgres 5432","logger":"dag_processor.stdout"}
{"timestamp":"2026-07-03T20:31:56.805986Z","level":"info","event":"Filling up the DagBag from /opt/airflow/dags/fraud_retraining_dag.py","logger":"airflow.dag_processing.dagbag.BundleDagBag","filename":"dagbag.py","lineno":469}
{"timestamp":"2026-07-03T20:31:59.477376Z","level":"info","event":"Connecting to: fraud-postgres 5432","logger":"dag_processor.stdout"}
{"timestamp":"2026-07-03T20:32:30.808344Z","level":"info","event":"Filling up the DagBag from /opt/airflow/dags/fraud_retraining_dag.py","logger":"airflow.dag_processing.dagbag.BundleDagBag","filename":"dagbag.py","lineno":469}
{"timestamp":"2026-07-03T20:32:33.418262Z","level":"info","event":"Connecting to: fraud-postgres 5432","logger":"dag_processor.stdout"}
{"timestamp":"2026-07-03T20:33:04.698796Z","level":"info","event":"Filling up the DagBag from /opt/airflow/dags/fraud_retraining_dag.py","logger":"airflow.dag_processing.dagbag.BundleDagBag","filename":"dagbag.py","lineno":469}
{"timestamp":"2026-07-03T20:33:07.229013Z","level":"info","event":"Connecting to: fraud-postgres 5432","logger":"dag_processor.stdout"}
{"timestamp":"2026-07-03T20:33:38.450599Z","level":"info","event":"Filling up the DagBag from /opt/airflow/dags/fraud_retraining_dag.py","logger":"airflow.dag_processing.dagbag.BundleDagBag","filename":"dagbag.py","lineno":469}
{"timestamp":"2026-07-03T20:33:41.070630Z","level":"info","event":"Connecting to: fraud-postgres 5432","logger":"dag_processor.stdout"}
{"timestamp":"2026-07-03T20:34:12.465891Z","level":"info","event":"Filling up the DagBag from /opt/airflow/dags/fraud_retraining_dag.py","logger":"airflow.dag_processing.dagbag.BundleDagBag","filename":"dagbag.py","lineno":469}
{"timestamp":"2026-07-03T20:34:14.992223Z","level":"info","event":"Connecting to: fraud-postgres 5432","logger":"dag_processor.stdout"}
{"timestamp":"2026-07-03T20:34:45.799641Z","level":"info","event":"Filling up the DagBag from /opt/airflow/dags/fraud_retraining_dag.py","logger":"airflow.dag_processing.dagbag.BundleDagBag","filename":"dagbag.py","lineno":469}
{"timestamp":"2026-07-03T20:34:48.834441Z","level":"info","event":"Connecting to: fraud-postgres 5432","logger":"dag_processor.stdout"}
{"timestamp":"2026-07-03T20:35:20.090122Z","level":"info","event":"Filling up the DagBag from /opt/airflow/dags/fraud_retraining_dag.py","logger":"airflow.dag_processing.dagbag.BundleDagBag","filename":"dagbag.py","lineno":469}
{"timestamp":"2026-07-03T20:35:22.863220Z","level":"info","event":"Connecting to: fraud-postgres 5432","logger":"dag_processor.stdout"}
{"timestamp":"2026-07-03T20:35:53.378119Z","level":"info","event":"Filling up the DagBag from /opt/airflow/dags/fraud_retraining_dag.py","logger":"airflow.dag_processing.dagbag.BundleDagBag","filename":"dagbag.py","lineno":469}
{"timestamp":"2026-07-03T20:35:56.007141Z","level":"info","event":"Connecting to: fraud-postgres 5432","logger":"dag_processor.stdout"}
{"timestamp":"2026-07-03T20:36:26.595304Z","level":"info","event":"Filling up the DagBag from /opt/airflow/dags/fraud_retraining_dag.py","logger":"airflow.dag_processing.dagbag.BundleDagBag","filename":"dagbag.py","lineno":469}
{"timestamp":"2026-07-03T20:36:29.419441Z","level":"info","event":"Connecting to: fraud-postgres 5432","logger":"dag_processor.stdout"}
{"timestamp":"2026-07-03T20:37:00.808605Z","level":"info","event":"Filling up the DagBag from /opt/airflow/dags/fraud_retraining_dag.py","logger":"airflow.dag_processing.dagbag.BundleDagBag","filename":"dagbag.py","lineno":469}
{"timestamp":"2026-07-03T20:37:03.319955Z","level":"info","event":"Connecting to: fraud-postgres 5432","logger":"dag_processor.stdout"}
{"timestamp":"2026-07-03T20:37:33.805024Z","level":"info","event":"Filling up the DagBag from /opt/airflow/dags/fraud_retraining_dag.py","logger":"airflow.dag_processing.dagbag.BundleDagBag","filename":"dagbag.py","lineno":469}
{"timestamp":"2026-07-03T20:37:37.178939Z","level":"info","event":"Connecting to: fraud-postgres 5432","logger":"dag_processor.stdout"}
{"timestamp":"2026-07-03T20:38:08.481580Z","level":"info","event":"Filling up the DagBag from /opt/airflow/dags/fraud_retraining_dag.py","logger":"airflow.dag_processing.dagbag.BundleDagBag","filename":"dagbag.py","lineno":469}
{"timestamp":"2026-07-03T20:38:11.329301Z","level":"info","event":"Connecting to: fraud-postgres 5432","logger":"dag_processor.stdout"}
{"timestamp":"2026-07-03T20:38:41.851434Z","level":"info","event":"Filling up the DagBag from /opt/airflow/dags/fraud_retraining_dag.py","logger":"airflow.dag_processing.dagbag.BundleDagBag","filename":"dagbag.py","lineno":469}
{"timestamp":"2026-07-03T20:38:45.232598Z","level":"info","event":"Connecting to: fraud-postgres 5432","logger":"dag_processor.stdout"}
{"timestamp":"2026-07-03T20:39:18.662339Z","level":"info","event":"Filling up the DagBag from /opt/airflow/dags/fraud_retraining_dag.py","logger":"airflow.dag_processing.dagbag.BundleDagBag","filename":"dagbag.py","lineno":469}
{"timestamp":"2026-07-03T20:39:27.278451Z","level":"info","event":"Connecting to: fraud-postgres 5432","logger":"dag_processor.stdout"}
